Heliostat ID,Pos-x,Pos-y,Pos-z,Aim-x,Aim-y,Aim-z,Reflectivity,Soiling,Total eff,Cosine eff,Attenuation,Blocking,Shading,Intercept eff.,Power [kW],Annual energy,Annual efficiency,
2419,239.97,582.86,0.00,0.00,0.00,150.00,0.9500,0.9500,0.7085,0.8429,0.9318,1.0000,1.0000,0.9996,88379.90,206182073.3,0.6726,
2531,-234.95,612.74,0.00,0.00,0.00,150.00,0.9500,0.9500,0.6972,0.8314,0.9296,1.0000,1.0000,0.9995,86963.44,206220660.5,0.6713,
1272,295.88,291.29,0.00,0.00,0.00,150.00,0.9500,0.9500,0.7407,0.8639,0.9501,1.0000,1.0000,0.9999,92394.73,206255050.8,0.6723,
769,260.93,179.71,0.00,0.00,0.00,150.00,0.9500,0.9500,0.7623,0.8813,0.9585,1.0000,1.0000,0.9999,95084.07,206295312.7,0.6705,
2038,296.25,471.03,0.00,0.00,0.00,150.00,0.9500,0.9500,0.7180,0.8483,0.9380,1.0000,1.0000,0.9998,89554.70,206365356.1,0.6719,
1362,297.81,314.13,0.00,0.00,0.00,150.00,0.9500,0.9500,0.7376,0.8617,0.9486,1.0000,1.0000,0.9999,92003.79,206374635.7,0.6723,
2545,204.77,623.47,0.00,0.00,0.00,150.00,0.9500,0.9500,0.7053,0.8410,0.9296,1.0000,1.0000,0.9995,87974.99,206393773.2,0.6736,
1091,289.41,248.05,0.00,0.00,0.00,150.00,0.9500,0.9500,0.7472,0.8688,0.9530,1.0000,1.0000,0.9999,93197.08,206427851.1,0.6754,
2273,-270.38,540.56,0.00,0.00,0.00,150.00,0.9500,0.9500,0.7020,0.8331,0.9340,1.0000,1.0000,0.9997,87563.95,206431391.6,0.6710,
1453,299.42,338.48,0.00,0.00,0.00,150.00,0.9500,0.9500,0.7343,0.8593,0.9470,1.0000,1.0000,0.9999,91593.38,206450491.3,0.6721,
1543,299.69,363.29,0.00,0.00,0.00,150.00,0.9500,0.9500,0.7312,0.8571,0.9453,1.0000,1.0000,0.9999,91201.40,206532269.0,0.6721,
2875,99.59,705.28,0.00,0.00,0.00,150.00,0.9500,0.9500,0.6975,0.8364,0.9250,0.9997,1.0000,0.9992,87003.66,206568509.8,0.6820,
688,-257.80,158.84,0.00,0.00,0.00,150.00,0.9500,0.9500,0.7484,0.8642,0.9597,1.0000,1.0000,0.9998,93345.36,206577242.5,0.6670,
2165,272.24,512.62,0.00,0.00,0.00,150.00,0.9500,0.9500,0.7152,0.8468,0.9360,1.0000,1.0000,0.9998,89203.84,206583220.0,0.6731,
1910,273.31,459.05,0.00,0.00,0.00,150.00,0.9500,0.9500,0.7222,0.8515,0.9399,1.0000,1.0000,0.9999,90082.48,206616437.3,0.6732,
2291,243.67,553.11,0.00,0.00,0.00,150.00,0.9500,0.9500,0.7122,0.8452,0.9340,1.0000,1.0000,0.9998,88841.49,206625471.6,0.6738,
1887,-295.39,445.17,0.00,0.00,0.00,150.00,0.9500,0.9500,0.7078,0.8365,0.9399,0.9976,1.0000,0.9998,88289.52,206678889.5,0.6709,
999,268.62,246.80,0.00,0.00,0.00,150.00,0.9500,0.9500,0.7423,0.8736,0.9544,0.9865,1.0000,1.0000,92584.05,206685016.6,0.6777,
2144,-296.93,498.73,0.00,0.00,0.00,150.00,0.9500,0.9500,0.7033,0.8329,0.9360,1.0000,1.0000,0.9997,87731.73,206692512.9,0.6710,
2403,-239.97,582.86,0.00,0.00,0.00,150.00,0.9500,0.9500,0.7003,0.8331,0.9318,1.0000,1.0000,0.9996,87352.31,206712980.0,0.6726,
1782,272.62,433.46,0.00,0.00,0.00,150.00,0.9500,0.9500,0.7206,0.8539,0.9418,0.9929,1.0000,0.9999,89887.60,206749159.3,0.6810,
2867,-99.59,705.28,0.00,0.00,0.00,150.00,0.9500,0.9500,0.6892,0.8328,0.9250,0.9921,1.0000,0.9992,85964.41,206768862.5,0.6820,
1157,-292.75,268.97,0.00,0.00,0.00,150.00,0.9500,0.9500,0.7288,0.8486,0.9516,1.0000,1.0000,1.0000,90901.51,206800968.1,0.6711,
2532,-204.77,623.47,0.00,0.00,0.00,150.00,0.9500,0.9500,0.6985,0.8330,0.9296,1.0000,1.0000,0.9995,87132.17,206827110.0,0.6736,
2874,74.80,708.34,0.00,0.00,0.00,150.00,0.9500,0.9500,0.6967,0.8362,0.9250,0.9987,1.0000,0.9992,86896.17,206830141.4,0.6827,
2701,200.97,654.08,0.00,0.00,0.00,150.00,0.9500,0.9500,0.7016,0.8387,0.9273,1.0000,1.0000,0.9995,87512.23,206864152.4,0.6789,
2418,211.24,593.87,0.00,0.00,0.00,150.00,0.9500,0.9500,0.7089,0.8433,0.9318,1.0000,1.0000,0.9997,88428.87,206882685.1,0.6750,
2037,272.91,484.93,0.00,0.00,0.00,150.00,0.9500,0.9500,0.7188,0.8492,0.9380,1.0000,1.0000,0.9998,89653.34,206946310.6,0.6740,
1779,206.44,468.60,0.00,0.00,0.00,150.00,0.9500,0.9500,0.7256,0.8561,0.9418,0.9971,1.0000,1.0000,90501.35,206951830.7,0.6765,
465,227.22,109.85,0.00,0.00,0.00,150.00,0.9500,0.9500,0.7798,0.8968,0.9639,1.0000,1.0000,0.9996,97269.35,206958922.8,0.6706,
2544,174.10,632.72,0.00,0.00,0.00,150.00,0.9500,0.9500,0.7055,0.8412,0.9296,1.0000,1.0000,0.9996,88001.67,206970090.2,0.6756,
2868,-74.80,708.34,0.00,0.00,0.00,150.00,0.9500,0.9500,0.6904,0.8335,0.9250,0.9930,1.0000,0.9992,86116.18,206980621.8,0.6827,
2164,246.90,525.30,0.00,0.00,0.00,150.00,0.9500,0.9500,0.7158,0.8475,0.9360,1.0000,1.0000,0.9998,89280.41,207005652.8,0.6747,
829,262.57,201.29,0.00,0.00,0.00,150.00,0.9500,0.9500,0.7596,0.8792,0.9573,1.0000,1.0000,0.9999,94741.96,207009830.1,0.6735,
586,235.58,145.15,0.00,0.00,0.00,150.00,0.9500,0.9500,0.7742,0.8919,0.9619,1.0000,1.0000,0.9999,96571.10,207051219.3,0.6729,
2015,-296.25,471.03,0.00,0.00,0.00,150.00,0.9500,0.9500,0.7065,0.8347,0.9380,1.0000,1.0000,0.9998,88124.43,207072209.1,0.6719,
2698,131.17,671.57,0.00,0.00,0.00,150.00,0.9500,0.9500,0.7017,0.8389,0.9273,1.0000,1.0000,0.9994,87519.81,207082180.2,0.6768,
2872,24.98,711.84,0.00,0.00,0.00,150.00,0.9500,0.9500,0.6948,0.8356,0.9250,0.9967,1.0000,0.9993,86661.44,207082474.0,0.6833,
2870,-24.98,711.84,0.00,0.00,0.00,150.00,0.9500,0.9500,0.6927,0.8347,0.9250,0.9948,1.0000,0.9993,86401.23,207141165.5,0.6833,
1651,187.12,454.49,0.00,0.00,0.00,150.00,0.9500,0.9500,0.7044,0.8593,0.9436,0.9627,1.0000,1.0000,87866.97,207151696.9,0.6858,
1909,250.58,471.84,0.00,0.00,0.00,150.00,0.9500,0.9500,0.7229,0.8523,0.9399,1.0000,1.0000,0.9999,90170.30,207161809.1,0.6752,
200,-173.99,54.89,0.00,0.00,0.00,150.00,0.9500,0.9500,0.7882,0.9042,0.9694,1.0000,1.0000,0.9963,98312.26,207167051.9,0.6627,
2274,-243.67,553.11,0.00,0.00,0.00,150.00,0.9500,0.9500,0.7035,0.8349,0.9340,1.0000,1.0000,0.9998,87755.67,207188308.7,0.6738,
1249,-295.88,291.29,0.00,0.00,0.00,150.00,0.9500,0.9500,0.7258,0.8466,0.9501,1.0000,1.0000,0.9999,90535.60,207203653.1,0.6723,
2145,-272.24,512.62,0.00,0.00,0.00,150.00,0.9500,0.9500,0.7050,0.8348,0.9360,1.0000,1.0000,0.9998,87942.04,207209527.3,0.6731,
2871,0.00,712.28,0.00,0.00,0.00,150.00,0.9500,0.9500,0.6938,0.8352,0.9250,0.9958,1.0000,0.9993,86534.47,207289796.6,0.6839,
1340,-297.81,314.13,0.00,0.00,0.00,150.00,0.9500,0.9500,0.7231,0.8448,0.9486,1.0000,1.0000,0.9999,90199.17,207292405.6,0.6723,
2684,-200.97,654.08,0.00,0.00,0.00,150.00,0.9500,0.9500,0.6952,0.8311,0.9273,1.0000,1.0000,0.9995,86717.33,207313186.2,0.6789,
1888,-273.31,459.05,0.00,0.00,0.00,150.00,0.9500,0.9500,0.7103,0.8385,0.9399,0.9987,1.0000,0.9999,88599.61,207318204.1,0.6733,
2687,-131.17,671.57,0.00,0.00,0.00,150.00,0.9500,0.9500,0.6975,0.8339,0.9273,1.0000,1.0000,0.9995,87002.02,207321066.5,0.6768,
1432,-299.42,338.48,0.00,0.00,0.00,150.00,0.9500,0.9500,0.7203,0.8429,0.9470,1.0000,1.0000,0.9999,89846.49,207333907.2,0.6721,
261,180.87,71.38,0.00,0.00,0.00,150.00,0.9500,0.9500,0.7969,0.9188,0.9685,0.9955,1.0000,0.9968,99395.43,207336625.6,0.6665,
2533,-174.10,632.72,0.00,0.00,0.00,150.00,0.9500,0.9500,0.6998,0.8344,0.9296,1.0000,1.0000,0.9996,87285.68,207337705.3,0.6756,
2404,-211.24,593.87,0.00,0.00,0.00,150.00,0.9500,0.9500,0.7017,0.8347,0.9318,1.0000,1.0000,0.9997,87525.26,207348768.0,0.6750,
2290,216.39,564.34,0.00,0.00,0.00,150.00,0.9500,0.9500,0.7127,0.8457,0.9340,1.0000,1.0000,0.9998,88896.03,207354206.6,0.6762,
750,-260.93,179.71,0.00,0.00,0.00,150.00,0.9500,0.9500,0.7459,0.8624,0.9585,1.0000,1.0000,0.9999,93040.02,207363288.0,0.6705,
1523,-299.69,363.29,0.00,0.00,0.00,150.00,0.9500,0.9500,0.7177,0.8413,0.9453,1.0000,1.0000,0.9999,89516.16,207379600.7,0.6721,
2036,248.92,497.67,0.00,0.00,0.00,150.00,0.9500,0.9500,0.7194,0.8499,0.9380,1.0000,1.0000,0.9999,89735.41,207379851.8,0.6757,
2543,143.01,640.47,0.00,0.00,0.00,150.00,0.9500,0.9500,0.7056,0.8413,0.9296,1.0000,1.0000,0.9996,88012.14,207453656.5,0.6772,
2417,182.00,603.47,0.00,0.00,0.00,150.00,0.9500,0.9500,0.7092,0.8436,0.9318,1.0000,1.0000,0.9997,88461.46,207491137.0,0.6770,
400,144.72,185.67,0.00,0.00,0.00,150.00,0.9500,0.9500,0.7359,0.9167,0.9653,0.9215,1.0000,1.0000,91792.40,207512397.1,0.6826,
1759,-272.62,433.46,0.00,0.00,0.00,150.00,0.9500,0.9500,0.7019,0.8406,0.9418,0.9825,1.0000,0.9999,87553.82,207521023.6,0.6810,
1762,-206.44,468.60,0.00,0.00,0.00,150.00,0.9500,0.9500,0.7088,0.8461,0.9418,0.9856,1.0000,1.0000,88405.66,207524663.1,0.6765,
1066,-289.41,248.05,0.00,0.00,0.00,150.00,0.9500,0.9500,0.7269,0.8506,0.9530,0.9938,1.0000,0.9999,90674.48,207552603.7,0.6754,
2146,-246.90,525.30,0.00,0.00,0.00,150.00,0.9500,0.9500,0.7066,0.8366,0.9360,1.0000,1.0000,0.9998,88137.63,207600040.0,0.6747,
2016,-272.91,484.93,0.00,0.00,0.00,150.00,0.9500,0.9500,0.7082,0.8367,0.9380,1.0000,1.0000,0.9998,88337.83,207602013.1,0.6740,
1180,273.51,288.51,0.00,0.00,0.00,150.00,0.9500,0.9500,0.7458,0.8684,0.9516,1.0000,1.0000,1.0000,93028.86,207660068.0,0.6772,
975,-268.62,246.80,0.00,0.00,0.00,150.00,0.9500,0.9500,0.7214,0.8561,0.9544,0.9783,1.0000,1.0000,89977.98,207748600.2,0.6777,
2534,-143.01,640.47,0.00,0.00,0.00,150.00,0.9500,0.9500,0.7009,0.8357,0.9296,1.0000,1.0000,0.9996,87424.40,207755075.6,0.6772,
1781,251.14,446.24,0.00,0.00,0.00,150.00,0.9500,0.9500,0.7224,0.8548,0.9418,0.9943,1.0000,0.9999,90102.91,207757366.0,0.6846,
2163,220.97,536.72,0.00,0.00,0.00,150.00,0.9500,0.9500,0.7162,0.8480,0.9360,1.0000,1.0000,0.9999,89340.86,207762782.6,0.6773,
1635,-187.12,454.49,0.00,0.00,0.00,150.00,0.9500,0.9500,0.6899,0.8498,0.9436,0.9533,1.0000,1.0000,86049.94,207782860.2,0.6858,
526,232.00,127.12,0.00,0.00,0.00,150.00,0.9500,0.9500,0.7770,0.8943,0.9629,1.0000,1.0000,0.9998,96919.25,207791989.8,0.6754,
349,203.19,80.19,0.00,0.00,0.00,150.00,0.9500,0.9500,0.7910,0.9078,0.9666,1.0000,1.0000,0.9988,98664.37,207812928.8,0.6709,
1889,-250.58,471.84,0.00,0.00,0.00,150.00,0.9500,0.9500,0.7127,0.8404,0.9399,0.9998,1.0000,0.9999,88900.42,207833910.6,0.6752,
2542,111.59,646.68,0.00,0.00,0.00,150.00,0.9500,0.9500,0.7056,0.8412,0.9296,1.0000,1.0000,0.9997,88006.86,207846042.4,0.6785,
2275,-216.39,564.34,0.00,0.00,0.00,150.00,0.9500,0.9500,0.7050,0.8365,0.9340,1.0000,1.0000,0.9998,87932.90,207852636.8,0.6762,
2405,-182.00,603.47,0.00,0.00,0.00,150.00,0.9500,0.9500,0.7030,0.8361,0.9318,1.0000,1.0000,0.9997,87683.63,207891778.9,0.6770,
387,-144.72,185.67,0.00,0.00,0.00,150.00,0.9500,0.9500,0.7291,0.9041,0.9653,0.9258,1.0000,1.0000,90942.80,207942097.0,0.6826,
2289,188.59,574.23,0.00,0.00,0.00,150.00,0.9500,0.9500,0.7130,0.8460,0.9340,1.0000,1.0000,0.9998,88934.69,207994016.6,0.6784,
2017,-248.92,497.67,0.00,0.00,0.00,150.00,0.9500,0.9500,0.7098,0.8385,0.9380,1.0000,1.0000,0.9999,88537.30,208005170.5,0.6757,
2416,152.34,611.64,0.00,0.00,0.00,150.00,0.9500,0.9500,0.7093,0.8437,0.9318,1.0000,1.0000,0.9998,88478.26,208009512.5,0.6788,
1271,275.10,310.99,0.00,0.00,0.00,150.00,0.9500,0.9500,0.7424,0.8659,0.9501,1.0000,1.0000,1.0000,92607.43,208012893.9,0.6774,
811,-262.57,201.29,0.00,0.00,0.00,150.00,0.9500,0.9500,0.7436,0.8607,0.9573,1.0000,1.0000,0.9999,92755.76,208036637.8,0.6735,
1908,227.26,483.51,0.00,0.00,0.00,150.00,0.9500,0.9500,0.7235,0.8529,0.9399,1.0000,1.0000,0.9999,90242.94,208040308.8,0.6780,
1361,275.45,333.91,0.00,0.00,0.00,150.00,0.9500,0.9500,0.7392,0.8635,0.9486,1.0000,1.0000,0.9999,92205.23,208068912.6,0.6772,
2535,-111.59,646.68,0.00,0.00,0.00,150.00,0.9500,0.9500,0.7019,0.8369,0.9296,1.0000,1.0000,0.9997,87548.54,208080878.9,0.6785,
1655,271.75,409.55,0.00,0.00,0.00,150.00,0.9500,0.9500,0.7292,0.8564,0.9436,1.0000,1.0000,0.9999,90958.12,208081065.8,0.6769,
1452,275.38,358.31,0.00,0.00,0.00,150.00,0.9500,0.9500,0.7358,0.8610,0.9470,1.0000,1.0000,0.9999,91783.45,208102800.9,0.6771,
647,238.63,164.35,0.00,0.00,0.00,150.00,0.9500,0.9500,0.7712,0.8894,0.9608,1.0000,1.0000,1.0000,96198.17,208107160.3,0.6776,
566,-235.58,145.15,0.00,0.00,0.00,150.00,0.9500,0.9500,0.7579,0.8731,0.9619,1.0000,1.0000,0.9999,94533.51,208134060.1,0.6729,
1542,273.94,383.08,0.00,0.00,0.00,150.00,0.9500,0.9500,0.7326,0.8587,0.9453,1.0000,1.0000,0.9999,91379.69,208136086.1,0.6771,
2541,79.89,651.36,0.00,0.00,0.00,150.00,0.9500,0.9500,0.7054,0.8410,0.9296,1.0000,1.0000,0.9997,87986.16,208148185.3,0.6794,
2035,224.34,509.22,0.00,0.00,0.00,150.00,0.9500,0.9500,0.7199,0.8505,0.9380,1.0000,1.0000,0.9999,89801.86,208163896.1,0.6783,
443,-227.22,109.85,0.00,0.00,0.00,150.00,0.9500,0.9500,0.7629,0.8775,0.9639,1.0000,1.0000,0.9995,95163.72,208183071.8,0.6706,
2694,35.98,683.31,0.00,0.00,0.00,150.00,0.9500,0.9500,0.7011,0.8381,0.9273,1.0000,1.0000,0.9997,87457.13,208209554.7,0.6817,
2147,-220.97,536.72,0.00,0.00,0.00,150.00,0.9500,0.9500,0.7081,0.8383,0.9360,1.0000,1.0000,0.9999,88319.38,208293244.1,0.6773,
2536,-79.89,651.36,0.00,0.00,0.00,150.00,0.9500,0.9500,0.7028,0.8379,0.9296,1.0000,1.0000,0.9997,87658.15,208316139.4,0.6794,
2691,-35.98,683.31,0.00,0.00,0.00,150.00,0.9500,0.9500,0.7000,0.8367,0.9273,1.0000,1.0000,0.9997,87315.19,208321178.6,0.6817,
2406,-152.34,611.64,0.00,0.00,0.00,150.00,0.9500,0.9500,0.7041,0.8375,0.9318,1.0000,1.0000,0.9998,87827.74,208344185.5,0.6788,
2540,48.01,654.48,0.00,0.00,0.00,150.00,0.9500,0.9500,0.7051,0.8407,0.9296,1.0000,1.0000,0.9997,87950.28,208360615.4,0.6801,
2276,-188.59,574.23,0.00,0.00,0.00,150.00,0.9500,0.9500,0.7063,0.8380,0.9340,1.0000,1.0000,0.9998,88096.16,208427362.1,0.6784,
998,250.97,264.73,0.00,0.00,0.00,150.00,0.9500,0.9500,0.7452,0.8756,0.9544,0.9881,1.0000,1.0000,92950.99,208430233.7,0.6840,
2162,194.52,546.86,0.00,0.00,0.00,150.00,0.9500,0.9500,0.7166,0.8484,0.9360,1.0000,1.0000,0.9999,89385.83,208434032.1,0.6796,
2415,122.31,618.34,0.00,0.00,0.00,150.00,0.9500,0.9500,0.7093,0.8437,0.9318,1.0000,1.0000,0.9998,88479.63,208438996.5,0.6802,
1780,229.06,457.97,0.00,0.00,0.00,150.00,0.9500,0.9500,0.7240,0.8555,0.9418,0.9956,1.0000,1.0000,90307.42,208442480.6,0.6868,
2537,-48.01,654.48,0.00,0.00,0.00,150.00,0.9500,0.9500,0.7035,0.8388,0.9296,1.0000,1.0000,0.9997,87753.22,208461473.2,0.6801,
1760,-251.14,446.24,0.00,0.00,0.00,150.00,0.9500,0.9500,0.7043,0.8425,0.9418,0.9835,1.0000,0.9999,87845.79,208465145.7,0.6846,
2539,16.02,656.04,0.00,0.00,0.00,150.00,0.9500,0.9500,0.7047,0.8402,0.9296,1.0000,1.0000,0.9997,87899.40,208483600.9,0.6804,
1090,271.62,267.41,0.00,0.00,0.00,150.00,0.9500,0.9500,0.7490,0.8709,0.9530,1.0000,1.0000,1.0000,93431.41,208491972.9,0.6828,
2538,-16.02,656.04,0.00,0.00,0.00,150.00,0.9500,0.9500,0.7042,0.8395,0.9296,1.0000,1.0000,0.9997,87833.67,208517234.4,0.6804,
2288,160.35,582.75,0.00,0.00,0.00,150.00,0.9500,0.9500,0.7132,0.8462,0.9340,1.0000,1.0000,0.9998,88957.93,208546465.1,0.6803,
1158,-273.51,288.51,0.00,0.00,0.00,150.00,0.9500,0.9500,0.7316,0.8518,0.9516,1.0000,1.0000,1.0000,91250.71,208573113.2,0.6772,
244,-180.87,71.38,0.00,0.00,0.00,150.00,0.9500,0.9500,0.7845,0.9008,0.9685,1.0000,1.0000,0.9963,97851.14,208633397.0,0.6665,
1890,-227.26,483.51,0.00,0.00,0.00,150.00,0.9500,0.9500,0.7144,0.8422,0.9399,1.0000,1.0000,0.9999,89109.05,208648621.8,0.6780,
2407,-122.31,618.34,0.00,0.00,0.00,150.00,0.9500,0.9500,0.7052,0.8387,0.9318,1.0000,1.0000,0.9998,87957.70,208707261.2,0.6802,
2018,-224.34,509.22,0.00,0.00,0.00,150.00,0.9500,0.9500,0.7113,0.8403,0.9380,1.0000,1.0000,0.9999,88723.53,208725864.0,0.6783,
707,240.31,184.23,0.00,0.00,0.00,150.00,0.9500,0.9500,0.7683,0.8871,0.9597,1.0000,1.0000,1.0000,95837.51,208732801.0,0.6793,
2414,91.99,623.57,0.00,0.00,0.00,150.00,0.9500,0.9500,0.7092,0.8435,0.9318,1.0000,1.0000,0.9998,88465.84,208780217.2,0.6813,
1907,203.39,494.02,0.00,0.00,0.00,150.00,0.9500,0.9500,0.7239,0.8535,0.9399,1.0000,1.0000,1.0000,90300.79,208791682.0,0.6805,
1631,-271.75,409.55,0.00,0.00,0.00,150.00,0.9500,0.9500,0.7175,0.8426,0.9436,1.0000,1.0000,0.9999,89491.57,208800956.3,0.6769,
2034,199.22,519.56,0.00,0.00,0.00,150.00,0.9500,0.9500,0.7204,0.8510,0.9380,1.0000,1.0000,0.9999,89853.23,208865297.5,0.6807,
1250,-275.10,310.99,0.00,0.00,0.00,150.00,0.9500,0.9500,0.7286,0.8498,0.9501,1.0000,1.0000,1.0000,90884.19,208880263.2,0.6774,
1524,-273.94,383.08,0.00,0.00,0.00,150.00,0.9500,0.9500,0.7203,0.8443,0.9453,1.0000,1.0000,0.9999,89843.47,208896027.5,0.6772,
1433,-275.38,358.31,0.00,0.00,0.00,150.00,0.9500,0.9500,0.7230,0.8460,0.9470,1.0000,1.0000,0.9999,90181.40,208899750.3,0.6771,
2148,-194.52,546.86,0.00,0.00,0.00,150.00,0.9500,0.9500,0.7094,0.8399,0.9360,1.0000,1.0000,0.9999,88487.66,208899822.7,0.6796,
1341,-275.45,333.91,0.00,0.00,0.00,150.00,0.9500,0.9500,0.7259,0.8479,0.9486,1.0000,1.0000,0.9999,90541.05,208901113.1,0.6772,
2277,-160.35,582.75,0.00,0.00,0.00,150.00,0.9500,0.9500,0.7075,0.8394,0.9340,1.0000,1.0000,0.9998,88245.64,208914137.5,0.6803,
2408,-91.99,623.57,0.00,0.00,0.00,150.00,0.9500,0.9500,0.7061,0.8398,0.9318,1.0000,1.0000,0.9998,88073.51,208981722.5,0.6813,
2287,131.72,589.88,0.00,0.00,0.00,150.00,0.9500,0.9500,0.7132,0.8463,0.9340,1.0000,1.0000,0.9999,88966.03,209012300.8,0.6818,
505,-232.00,127.12,0.00,0.00,0.00,150.00,0.9500,0.9500,0.7570,0.8751,0.9629,0.9956,1.0000,0.9998,94426.94,209018274.3,0.6754,
2161,167.60,555.71,0.00,0.00,0.00,150.00,0.9500,0.9500,0.7168,0.8487,0.9360,1.0000,1.0000,0.9999,89415.69,209020469.8,0.6815,
2413,61.45,627.32,0.00,0.00,0.00,150.00,0.9500,0.9500,0.7090,0.8433,0.9318,1.0000,1.0000,0.9998,88437.08,209033473.0,0.6821,
1761,-229.06,457.97,0.00,0.00,0.00,150.00,0.9500,0.9500,0.7065,0.8443,0.9418,0.9845,1.0000,1.0000,88129.72,209072651.7,0.6868,
1541,246.88,401.05,0.00,0.00,0.00,150.00,0.9500,0.9500,0.7338,0.8601,0.9453,1.0000,1.0000,1.0000,91528.47,209077451.9,0.6802,
332,-203.19,80.19,0.00,0.00,0.00,150.00,0.9500,0.9500,0.7743,0.8889,0.9666,1.0000,1.0000,0.9986,96587.29,209096012.4,0.6709,
628,-238.63,164.35,0.00,0.00,0.00,150.00,0.9500,0.9500,0.7552,0.8710,0.9608,1.0000,1.0000,1.0000,94204.92,209145399.6,0.6776,
2409,-61.45,627.32,0.00,0.00,0.00,150.00,0.9500,0.9500,0.7069,0.8408,0.9318,1.0000,1.0000,0.9998,88175.10,209167955.8,0.6821,
2412,30.76,629.57,0.00,0.00,0.00,150.00,0.9500,0.9500,0.7087,0.8428,0.9318,1.0000,1.0000,0.9998,88393.49,209198877.7,0.6825,
2410,-30.76,629.57,0.00,0.00,0.00,150.00,0.9500,0.9500,0.7076,0.8416,0.9318,1.0000,1.0000,0.9998,88262.38,209266162.8,0.6825,
2411,0.00,630.32,0.00,0.00,0.00,150.00,0.9500,0.9500,0.7082,0.8423,0.9318,1.0000,1.0000,0.9998,88335.22,209276450.2,0.6827,
768,241.30,205.31,0.00,0.00,0.00,150.00,0.9500,0.9500,0.7653,0.8847,0.9585,1.0000,1.0000,1.0000,95455.90,209298539.6,0.6816,
2278,-131.72,589.88,0.00,0.00,0.00,150.00,0.9500,0.9500,0.7086,0.8407,0.9340,1.0000,1.0000,0.9999,88381.37,209313802.2,0.6818,
1891,-203.39,494.02,0.00,0.00,0.00,150.00,0.9500,0.9500,0.7158,0.8439,0.9399,1.0000,1.0000,0.9999,89287.30,209335731.9,0.6805,
1179,252.98,306.67,0.00,0.00,0.00,150.00,0.9500,0.9500,0.7474,0.8703,0.9516,1.0000,1.0000,1.0000,93224.42,209342507.6,0.6816,
2019,-199.22,519.56,0.00,0.00,0.00,150.00,0.9500,0.9500,0.7127,0.8419,0.9380,1.0000,1.0000,0.9999,88896.79,209363093.4,0.6807,
2286,102.77,595.61,0.00,0.00,0.00,150.00,0.9500,0.9500,0.7132,0.8462,0.9340,1.0000,1.0000,0.9999,88959.20,209391799.1,0.6830,
976,-250.97,264.73,0.00,0.00,0.00,150.00,0.9500,0.9500,0.7248,0.8593,0.9544,0.9793,1.0000,1.0000,90409.88,209417079.1,0.6840,
2149,-167.60,555.71,0.00,0.00,0.00,150.00,0.9500,0.9500,0.7107,0.8414,0.9360,1.0000,1.0000,0.9999,88642.59,209420935.1,0.6815,
1906,179.04,503.36,0.00,0.00,0.00,150.00,0.9500,0.9500,0.7243,0.8539,0.9399,1.0000,1.0000,1.0000,90344.06,209463621.0,0.6827,
2033,173.63,528.67,0.00,0.00,0.00,150.00,0.9500,0.9500,0.7207,0.8513,0.9380,1.0000,1.0000,0.9999,89889.76,209484580.4,0.6827,
2160,140.28,563.22,0.00,0.00,0.00,150.00,0.9500,0.9500,0.7170,0.8488,0.9360,1.0000,1.0000,0.9999,89430.65,209522424.9,0.6832,
1067,-271.62,267.41,0.00,0.00,0.00,150.00,0.9500,0.9500,0.7308,0.8539,0.9530,0.9951,1.0000,1.0000,91153.91,209538299.7,0.6828,
1270,253.01,329.21,0.00,0.00,0.00,150.00,0.9500,0.9500,0.7439,0.8676,0.9501,1.0000,1.0000,1.0000,92791.74,209591533.1,0.6819,
1451,250.03,376.44,0.00,0.00,0.00,150.00,0.9500,0.9500,0.7371,0.8625,0.9470,1.0000,1.0000,1.0000,91944.44,209593771.8,0.6817,
1360,251.78,352.10,0.00,0.00,0.00,150.00,0.9500,0.9500,0.7406,0.8651,0.9486,1.0000,1.0000,1.0000,92378.03,209606389.4,0.6817,
2279,-102.77,595.61,0.00,0.00,0.00,150.00,0.9500,0.9500,0.7095,0.8419,0.9340,1.0000,1.0000,0.9999,88503.29,209626722.0,0.6830,
2285,73.58,599.91,0.00,0.00,0.00,150.00,0.9500,0.9500,0.7130,0.8460,0.9340,1.0000,1.0000,0.9999,88937.55,209684982.8,0.6840,
689,-240.31,184.23,0.00,0.00,0.00,150.00,0.9500,0.9500,0.7528,0.8692,0.9597,1.0000,1.0000,1.0000,93896.94,209731592.8,0.6793,
1525,-246.88,401.05,0.00,0.00,0.00,150.00,0.9500,0.9500,0.7227,0.8472,0.9453,1.0000,1.0000,1.0000,90147.39,209763695.1,0.6802,
1540,218.66,417.12,0.00,0.00,0.00,150.00,0.9500,0.9500,0.7348,0.8613,0.9453,1.0000,1.0000,1.0000,91649.18,209769531.1,0.6826,
828,240.74,226.94,0.00,0.00,0.00,150.00,0.9500,0.9500,0.7623,0.8824,0.9573,1.0000,1.0000,1.0000,95090.43,209828935.6,0.6837,
1450,223.49,392.78,0.00,0.00,0.00,150.00,0.9500,0.9500,0.7382,0.8638,0.9470,1.0000,1.0000,1.0000,92077.85,209836452.5,0.6826,
909,264.08,226.35,0.00,0.00,0.00,150.00,0.9500,0.9500,0.7562,0.8766,0.9559,1.0000,1.0000,1.0000,94320.79,209852322.4,0.6850,
2280,-73.58,599.91,0.00,0.00,0.00,150.00,0.9500,0.9500,0.7104,0.8429,0.9340,1.0000,1.0000,0.9999,88611.28,209853010.7,0.6840,
2150,-140.28,563.22,0.00,0.00,0.00,150.00,0.9500,0.9500,0.7118,0.8427,0.9360,1.0000,1.0000,0.9999,88784.12,209857003.0,0.6832,
2284,44.22,602.79,0.00,0.00,0.00,150.00,0.9500,0.9500,0.7127,0.8457,0.9340,1.0000,1.0000,0.9999,88901.22,209891762.6,0.6846,
997,232.13,281.40,0.00,0.00,0.00,150.00,0.9500,0.9500,0.7480,0.8773,0.9544,0.9898,1.0000,1.0000,93302.84,209894587.1,0.6893,
1359,226.92,368.62,0.00,0.00,0.00,150.00,0.9500,0.9500,0.7418,0.8665,0.9486,1.0000,1.0000,1.0000,92523.76,209896084.3,0.6827,
2020,-173.63,528.67,0.00,0.00,0.00,150.00,0.9500,0.9500,0.7140,0.8434,0.9380,1.0000,1.0000,0.9999,89057.09,209917476.1,0.6827,
2159,112.63,569.40,0.00,0.00,0.00,150.00,0.9500,0.9500,0.7170,0.8488,0.9360,1.0000,1.0000,0.9999,89430.84,209939827.2,0.6845,
1892,-179.04,503.36,0.00,0.00,0.00,150.00,0.9500,0.9500,0.7171,0.8455,0.9399,1.0000,1.0000,1.0000,89452.92,209942600.1,0.6827,
1776,135.85,493.71,0.00,0.00,0.00,150.00,0.9500,0.9500,0.7285,0.8571,0.9418,1.0000,1.0000,1.0000,90873.24,209977242.4,0.6880,
2281,-44.22,602.79,0.00,0.00,0.00,150.00,0.9500,0.9500,0.7112,0.8438,0.9340,1.0000,1.0000,0.9999,88705.21,209992669.6,0.6846,
2283,14.75,604.23,0.00,0.00,0.00,150.00,0.9500,0.9500,0.7123,0.8452,0.9340,1.0000,1.0000,0.9999,88850.30,210012023.5,0.6849,
2032,147.62,536.51,0.00,0.00,0.00,150.00,0.9500,0.9500,0.7208,0.8515,0.9380,1.0000,1.0000,0.9999,89911.60,210021619.6,0.6845,
585,219.60,168.35,0.00,0.00,0.00,150.00,0.9500,0.9500,0.7772,0.8954,0.9619,1.0000,1.0000,1.0000,96949.05,210026941.7,0.6841,
2282,-14.75,604.23,0.00,0.00,0.00,150.00,0.9500,0.9500,0.7118,0.8445,0.9340,1.0000,1.0000,0.9999,88784.92,210045674.2,0.6849,
1905,154.27,511.50,0.00,0.00,0.00,150.00,0.9500,0.9500,0.7245,0.8541,0.9399,1.0000,1.0000,1.0000,90372.81,210055912.1,0.6847,
1652,209.08,444.82,0.00,0.00,0.00,150.00,0.9500,0.9500,0.7313,0.8587,0.9436,1.0000,1.0000,1.0000,91213.40,210158484.8,0.6864,
1159,-252.98,306.67,0.00,0.00,0.00,150.00,0.9500,0.9500,0.7342,0.8549,0.9516,1.0000,1.0000,1.0000,91584.48,210166294.4,0.6816,
2151,-112.63,569.40,0.00,0.00,0.00,150.00,0.9500,0.9500,0.7128,0.8439,0.9360,1.0000,1.0000,0.9999,88912.11,210208050.1,0.6846,
751,-241.30,205.31,0.00,0.00,0.00,150.00,0.9500,0.9500,0.7502,0.8672,0.9585,1.0000,1.0000,1.0000,93575.20,210258426.4,0.6816,
2158,84.71,574.21,0.00,0.00,0.00,150.00,0.9500,0.9500,0.7169,0.8487,0.9360,1.0000,1.0000,0.9999,89416.34,210272421.4,0.6856,
1765,-135.85,493.71,0.00,0.00,0.00,150.00,0.9500,0.9500,0.7150,0.8505,0.9418,0.9890,1.0000,1.0000,89183.75,210284360.8,0.6880,
1434,-250.03,376.44,0.00,0.00,0.00,150.00,0.9500,0.9500,0.7255,0.8489,0.9470,1.0000,1.0000,1.0000,90493.62,210303036.0,0.6817,
1778,183.33,478.12,0.00,0.00,0.00,150.00,0.9500,0.9500,0.7270,0.8566,0.9418,0.9986,1.0000,1.0000,90684.74,210313022.5,0.6933,
1342,-251.78,352.10,0.00,0.00,0.00,150.00,0.9500,0.9500,0.7284,0.8509,0.9486,1.0000,1.0000,1.0000,90860.92,210351934.5,0.6818,
1251,-253.01,329.21,0.00,0.00,0.00,150.00,0.9500,0.9500,0.7312,0.8528,0.9501,1.0000,1.0000,1.0000,91211.26,210373237.1,0.6819,
2021,-147.62,536.51,0.00,0.00,0.00,150.00,0.9500,0.9500,0.7152,0.8448,0.9380,1.0000,1.0000,0.9999,89204.30,210388982.7,0.6845,
1089,252.55,285.49,0.00,0.00,0.00,150.00,0.9500,0.9500,0.7507,0.8728,0.9530,1.0000,1.0000,1.0000,93637.45,210396438.4,0.6895,
1526,-218.66,417.12,0.00,0.00,0.00,150.00,0.9500,0.9500,0.7250,0.8498,0.9453,1.0000,1.0000,1.0000,90428.70,210407742.5,0.6826,
1893,-154.27,511.50,0.00,0.00,0.00,150.00,0.9500,0.9500,0.7184,0.8469,0.9399,1.0000,1.0000,1.0000,89605.76,210469102.4,0.6847,
2152,-84.71,574.21,0.00,0.00,0.00,150.00,0.9500,0.9500,0.7137,0.8450,0.9360,1.0000,1.0000,0.9999,89026.43,210473915.2,0.6856,
2031,121.27,543.08,0.00,0.00,0.00,150.00,0.9500,0.9500,0.7209,0.8516,0.9380,1.0000,1.0000,0.9999,89918.82,210475971.8,0.6860,
1269,229.72,345.87,0.00,0.00,0.00,150.00,0.9500,0.9500,0.7452,0.8691,0.9501,1.0000,1.0000,1.0000,92949.49,210489818.0,0.6844,
1435,-223.49,392.78,0.00,0.00,0.00,150.00,0.9500,0.9500,0.7278,0.8517,0.9470,1.0000,1.0000,1.0000,90784.02,210514087.2,0.6826,
2157,56.58,577.66,0.00,0.00,0.00,150.00,0.9500,0.9500,0.7166,0.8484,0.9360,1.0000,1.0000,0.9999,89387.25,210519900.6,0.6864,
1904,129.12,518.42,0.00,0.00,0.00,150.00,0.9500,0.9500,0.7246,0.8543,0.9399,1.0000,1.0000,1.0000,90387.08,210529240.9,0.6862,
1343,-226.92,368.62,0.00,0.00,0.00,150.00,0.9500,0.9500,0.7308,0.8537,0.9486,1.0000,1.0000,1.0000,91159.79,210611228.2,0.6827,
464,214.87,132.39,0.00,0.00,0.00,150.00,0.9500,0.9500,0.7757,0.9005,0.9639,0.9903,1.0000,1.0000,96760.97,210641281.5,0.6853,
2153,-56.58,577.66,0.00,0.00,0.00,150.00,0.9500,0.9500,0.7145,0.8459,0.9360,1.0000,1.0000,0.9999,89126.89,210654385.2,0.6864,
1634,-209.08,444.82,0.00,0.00,0.00,150.00,0.9500,0.9500,0.7223,0.8482,0.9436,1.0000,1.0000,1.0000,90090.35,210657472.6,0.6864,
2156,28.33,579.74,0.00,0.00,0.00,150.00,0.9500,0.9500,0.7163,0.8480,0.9360,1.0000,1.0000,0.9999,89343.65,210681986.8,0.6868,
812,-240.74,226.94,0.00,0.00,0.00,150.00,0.9500,0.9500,0.7478,0.8656,0.9573,1.0000,1.0000,1.0000,93277.98,210745435.2,0.6837,
2154,-28.33,579.74,0.00,0.00,0.00,150.00,0.9500,0.9500,0.7152,0.8467,0.9360,1.0000,1.0000,0.9999,89213.35,210749275.7,0.6868,
2155,0.00,580.43,0.00,0.00,0.00,150.00,0.9500,0.9500,0.7158,0.8474,0.9360,1.0000,1.0000,0.9999,89285.61,210758050.6,0.6870,
2022,-121.27,543.08,0.00,0.00,0.00,150.00,0.9500,0.9500,0.7162,0.8461,0.9380,1.0000,1.0000,0.9999,89338.26,210777267.9,0.6860,
977,-232.13,281.40,0.00,0.00,0.00,150.00,0.9500,0.9500,0.7282,0.8623,0.9544,0.9804,1.0000,1.0000,90833.68,210798508.4,0.6893,
1763,-183.33,478.12,0.00,0.00,0.00,150.00,0.9500,0.9500,0.7109,0.8477,0.9418,0.9867,1.0000,1.0000,88673.47,210824494.4,0.6933,
646,220.68,187.77,0.00,0.00,0.00,150.00,0.9500,0.9500,0.7741,0.8927,0.9608,1.0000,1.0000,1.0000,96554.34,210827738.8,0.6871,
2030,94.62,548.35,0.00,0.00,0.00,150.00,0.9500,0.9500,0.7208,0.8515,0.9380,1.0000,1.0000,0.9999,89911.48,210847080.1,0.6872,
1894,-129.12,518.42,0.00,0.00,0.00,150.00,0.9500,0.9500,0.7195,0.8482,0.9399,1.0000,1.0000,1.0000,89745.60,210874374.7,0.6862,
1178,231.24,323.38,0.00,0.00,0.00,150.00,0.9500,0.9500,0.7487,0.8718,0.9516,1.0000,1.0000,1.0000,93393.51,210892963.2,0.6859,
1903,103.67,524.10,0.00,0.00,0.00,150.00,0.9500,0.9500,0.7246,0.8543,0.9399,1.0000,1.0000,1.0000,90386.88,210909814.7,0.6875,
1539,189.39,431.19,0.00,0.00,0.00,150.00,0.9500,0.9500,0.7355,0.8621,0.9453,1.0000,1.0000,1.0000,91742.03,210923060.6,0.6862,
884,-264.08,226.35,0.00,0.00,0.00,150.00,0.9500,0.9500,0.7408,0.8588,0.9559,1.0000,1.0000,1.0000,92402.97,210928691.5,0.6850,
1449,195.89,407.24,0.00,0.00,0.00,150.00,0.9500,0.9500,0.7390,0.8648,0.9470,1.0000,1.0000,1.0000,92183.83,210948756.8,0.6862,
398,104.17,211.11,0.00,0.00,0.00,150.00,0.9500,0.9500,0.7502,0.9198,0.9653,0.9363,1.0000,1.0000,93581.49,210980186.0,0.6935,
567,-219.60,168.35,0.00,0.00,0.00,150.00,0.9500,0.9500,0.7621,0.8779,0.9619,1.0000,1.0000,1.0000,95059.18,211009778.9,0.6841,
1777,159.78,486.49,0.00,0.00,0.00,150.00,0.9500,0.9500,0.7284,0.8569,0.9418,1.0000,1.0000,1.0000,90851.97,211026422.1,0.6956,
1358,200.97,383.38,0.00,0.00,0.00,150.00,0.9500,0.9500,0.7427,0.8676,0.9486,1.0000,1.0000,1.0000,92642.53,211051330.8,0.6863,
2023,-94.62,548.35,0.00,0.00,0.00,150.00,0.9500,0.9500,0.7172,0.8472,0.9380,1.0000,1.0000,0.9999,89458.78,211081872.7,0.6872,
1177,208.40,338.55,0.00,0.00,0.00,150.00,0.9500,0.9500,0.7499,0.8732,0.9516,1.0000,1.0000,1.0000,93537.00,211108195.0,0.6864,
525,217.87,150.05,0.00,0.00,0.00,150.00,0.9500,0.9500,0.7802,0.8979,0.9629,1.0000,1.0000,1.0000,97321.56,211111556.2,0.6884,
1772,37.46,510.69,0.00,0.00,0.00,150.00,0.9500,0.9500,0.7270,0.8566,0.9418,0.9985,1.0000,1.0000,90676.71,211122829.2,0.6910,
1268,205.34,360.88,0.00,0.00,0.00,150.00,0.9500,0.9500,0.7462,0.8703,0.9501,1.0000,1.0000,1.0000,93080.75,211128986.1,0.6864,
2029,67.75,552.31,0.00,0.00,0.00,150.00,0.9500,0.9500,0.7206,0.8513,0.9380,1.0000,1.0000,0.9999,89889.63,211134395.7,0.6881,
1895,-103.67,524.10,0.00,0.00,0.00,150.00,0.9500,0.9500,0.7205,0.8494,0.9399,1.0000,1.0000,1.0000,89872.22,211186352.7,0.6875,
1252,-229.72,345.87,0.00,0.00,0.00,150.00,0.9500,0.9500,0.7337,0.8557,0.9501,1.0000,1.0000,1.0000,91518.11,211200802.8,0.6844,
1902,77.97,528.54,0.00,0.00,0.00,150.00,0.9500,0.9500,0.7245,0.8541,0.9399,1.0000,1.0000,1.0000,90372.25,211214455.0,0.6885,
1769,-37.46,510.69,0.00,0.00,0.00,150.00,0.9500,0.9500,0.7223,0.8548,0.9418,0.9942,1.0000,1.0000,90095.59,211267579.8,0.6910,
996,212.18,296.72,0.00,0.00,0.00,150.00,0.9500,0.9500,0.7507,0.8789,0.9544,0.9917,1.0000,1.0000,93639.70,211274432.4,0.6942,
2024,-67.75,552.31,0.00,0.00,0.00,150.00,0.9500,0.9500,0.7181,0.8482,0.9380,1.0000,1.0000,0.9999,89565.65,211302346.0,0.6881,
2028,40.71,554.96,0.00,0.00,0.00,150.00,0.9500,0.9500,0.7204,0.8510,0.9380,1.0000,1.0000,1.0000,89853.33,211337450.4,0.6887,
389,-104.17,211.11,0.00,0.00,0.00,150.00,0.9500,0.9500,0.7476,0.9108,0.9653,0.9422,1.0000,1.0000,93247.02,211341348.3,0.6935,
1068,-252.55,285.49,0.00,0.00,0.00,150.00,0.9500,0.9500,0.7345,0.8570,0.9530,0.9965,1.0000,1.0000,91622.12,211361899.9,0.6895,
706,220.33,207.71,0.00,0.00,0.00,150.00,0.9500,0.9500,0.7710,0.8902,0.9597,1.0000,1.0000,1.0000,96175.73,211416352.8,0.6888,
1896,-77.97,528.54,0.00,0.00,0.00,150.00,0.9500,0.9500,0.7214,0.8505,0.9399,1.0000,1.0000,1.0000,89985.39,211422108.7,0.6885,
2025,-40.71,554.96,0.00,0.00,0.00,150.00,0.9500,0.9500,0.7188,0.8491,0.9380,1.0000,1.0000,0.9999,89658.70,211438316.9,0.6887,
1901,52.08,531.71,0.00,0.00,0.00,150.00,0.9500,0.9500,0.7243,0.8539,0.9399,1.0000,1.0000,1.0000,90343.24,211442481.5,0.6892,
2027,13.58,556.28,0.00,0.00,0.00,150.00,0.9500,0.9500,0.7200,0.8505,0.9380,1.0000,1.0000,1.0000,89802.67,211455897.8,0.6890,
1764,-159.78,486.49,0.00,0.00,0.00,150.00,0.9500,0.9500,0.7130,0.8492,0.9418,0.9879,1.0000,1.0000,88932.92,211471918.3,0.6956,
1527,-189.39,431.19,0.00,0.00,0.00,150.00,0.9500,0.9500,0.7270,0.8522,0.9453,1.0000,1.0000,1.0000,90686.94,211475159.6,0.6862,
2026,-13.58,556.28,0.00,0.00,0.00,150.00,0.9500,0.9500,0.7194,0.8499,0.9380,1.0000,1.0000,1.0000,89737.75,211489536.1,0.6890,
1436,-195.89,407.24,0.00,0.00,0.00,150.00,0.9500,0.9500,0.7300,0.8542,0.9470,1.0000,1.0000,1.0000,91052.10,211539975.9,0.6862,
1897,-52.08,531.71,0.00,0.00,0.00,150.00,0.9500,0.9500,0.7222,0.8514,0.9399,1.0000,1.0000,1.0000,90084.91,211581036.0,0.6892,
1900,26.07,533.62,0.00,0.00,0.00,150.00,0.9500,0.9500,0.7239,0.8535,0.9399,1.0000,1.0000,1.0000,90299.89,211593382.4,0.6896,
1160,-231.24,323.38,0.00,0.00,0.00,150.00,0.9500,0.9500,0.7368,0.8579,0.9516,1.0000,1.0000,1.0000,91898.40,211628566.9,0.6859,
1898,-26.07,533.62,0.00,0.00,0.00,150.00,0.9500,0.9500,0.7229,0.8522,0.9399,1.0000,1.0000,1.0000,90170.61,211662695.1,0.6896,
1899,0.00,534.25,0.00,0.00,0.00,150.00,0.9500,0.9500,0.7235,0.8529,0.9399,1.0000,1.0000,1.0000,90242.30,211666687.0,0.6897,
1344,-200.97,383.38,0.00,0.00,0.00,150.00,0.9500,0.9500,0.7331,0.8563,0.9486,1.0000,1.0000,1.0000,91437.11,211681821.0,0.6863,
444,-214.87,132.39,0.00,0.00,0.00,150.00,0.9500,0.9500,0.7675,0.8823,0.9639,1.0000,1.0000,1.0000,95735.37,211752463.5,0.6853,
629,-220.68,187.77,0.00,0.00,0.00,150.00,0.9500,0.9500,0.7594,0.8758,0.9608,1.0000,1.0000,1.0000,94719.40,211765618.8,0.6871,
1253,-205.34,360.88,0.00,0.00,0.00,150.00,0.9500,0.9500,0.7360,0.8584,0.9501,1.0000,1.0000,1.0000,91804.18,211798004.1,0.6864,
1161,-208.40,338.55,0.00,0.00,0.00,150.00,0.9500,0.9500,0.7391,0.8606,0.9516,1.0000,1.0000,1.0000,92192.72,211816978.8,0.6864,
1538,159.22,443.22,0.00,0.00,0.00,150.00,0.9500,0.9500,0.7360,0.8627,0.9453,1.0000,1.0000,1.0000,91806.89,211839300.3,0.6892,
767,219.17,228.78,0.00,0.00,0.00,150.00,0.9500,0.9500,0.7678,0.8876,0.9585,1.0000,1.0000,1.0000,95773.63,211867885.0,0.6905,
1448,167.35,419.78,0.00,0.00,0.00,150.00,0.9500,0.9500,0.7397,0.8655,0.9470,1.0000,1.0000,1.0000,92262.17,211924432.0,0.6893,
1357,174.07,396.32,0.00,0.00,0.00,150.00,0.9500,0.9500,0.7435,0.8684,0.9486,1.0000,1.0000,1.0000,92734.06,212078375.2,0.6895,
978,-212.18,296.72,0.00,0.00,0.00,150.00,0.9500,0.9500,0.7315,0.8652,0.9544,0.9816,1.0000,1.0000,91249.04,212092790.4,0.6942,
1088,232.27,302.22,0.00,0.00,0.00,150.00,0.9500,0.9500,0.7521,0.8745,0.9530,1.0000,1.0000,1.0000,93817.93,212152722.5,0.6954,
1267,179.98,374.17,0.00,0.00,0.00,150.00,0.9500,0.9500,0.7471,0.8713,0.9501,1.0000,1.0000,1.0000,93185.18,212200797.8,0.6897,
1775,111.59,499.75,0.00,0.00,0.00,150.00,0.9500,0.9500,0.7286,0.8572,0.9418,1.0000,1.0000,1.0000,90880.15,212216139.3,0.6995,
506,-217.87,150.05,0.00,0.00,0.00,150.00,0.9500,0.9500,0.7628,0.8800,0.9629,0.9975,1.0000,1.0000,95143.35,212239708.6,0.6885,
305,186.23,89.08,0.00,0.00,0.00,150.00,0.9500,0.9500,0.7996,0.9157,0.9676,1.0000,1.0000,0.9999,99733.38,212270408.3,0.6881,
1176,184.58,352.10,0.00,0.00,0.00,150.00,0.9500,0.9500,0.7508,0.8743,0.9516,1.0000,1.0000,1.0000,93653.96,212286017.4,0.6898,
827,216.41,250.24,0.00,0.00,0.00,150.00,0.9500,0.9500,0.7647,0.8851,0.9573,1.0000,1.0000,1.0000,95386.31,212289522.4,0.6920,
1528,-159.22,443.22,0.00,0.00,0.00,150.00,0.9500,0.9500,0.7289,0.8544,0.9453,1.0000,1.0000,1.0000,90921.32,212301500.4,0.6892,
690,-220.33,207.71,0.00,0.00,0.00,150.00,0.9500,0.9500,0.7568,0.8738,0.9597,1.0000,1.0000,1.0000,94404.43,212308309.8,0.6888,
1437,-167.35,419.78,0.00,0.00,0.00,150.00,0.9500,0.9500,0.7319,0.8565,0.9470,1.0000,1.0000,1.0000,91296.99,212427027.0,0.6893,
1766,-111.59,499.75,0.00,0.00,0.00,150.00,0.9500,0.9500,0.7169,0.8518,0.9418,0.9903,1.0000,1.0000,89425.69,212532420.9,0.6995,
995,191.23,310.64,0.00,0.00,0.00,150.00,0.9500,0.9500,0.7533,0.8802,0.9544,0.9936,1.0000,1.0000,93960.99,212565102.7,0.6987,
584,201.34,189.81,0.00,0.00,0.00,150.00,0.9500,0.9500,0.7799,0.8984,0.9619,1.0000,1.0000,1.0000,97277.93,212571949.4,0.6930,
1648,118.79,476.94,0.00,0.00,0.00,150.00,0.9500,0.9500,0.7324,0.8601,0.9436,1.0000,1.0000,1.0000,91352.71,212592534.5,0.6929,
1537,128.29,453.14,0.00,0.00,0.00,150.00,0.9500,0.9500,0.7363,0.8631,0.9453,1.0000,1.0000,1.0000,91843.60,212606191.4,0.6917,
1345,-174.07,396.32,0.00,0.00,0.00,150.00,0.9500,0.9500,0.7351,0.8587,0.9486,1.0000,1.0000,1.0000,91691.94,212621705.4,0.6895,
127,140.01,42.92,0.00,0.00,0.00,150.00,0.9500,0.9500,0.8245,0.9410,0.9720,1.0000,1.0000,0.9988,102841.03,212634953.1,0.6826,
1774,87.07,504.60,0.00,0.00,0.00,150.00,0.9500,0.9500,0.7285,0.8571,0.9418,1.0000,1.0000,1.0000,90872.71,212694451.3,0.7009,
752,-219.17,228.78,0.00,0.00,0.00,150.00,0.9500,0.9500,0.7542,0.8719,0.9585,1.0000,1.0000,1.0000,94072.73,212717366.1,0.6905,
1254,-179.98,374.17,0.00,0.00,0.00,150.00,0.9500,0.9500,0.7381,0.8608,0.9501,1.0000,1.0000,1.0000,92068.50,212784308.4,0.6897,
1773,62.34,508.25,0.00,0.00,0.00,150.00,0.9500,0.9500,0.7283,0.8569,0.9418,1.0000,1.0000,1.0000,90849.72,212852557.3,0.7013,
1447,138.03,430.31,0.00,0.00,0.00,150.00,0.9500,0.9500,0.7401,0.8660,0.9470,1.0000,1.0000,1.0000,92312.64,212879588.9,0.6923,
1162,-184.58,352.10,0.00,0.00,0.00,150.00,0.9500,0.9500,0.7413,0.8632,0.9516,1.0000,1.0000,1.0000,92465.87,212910515.3,0.6899,
75,126.98,25.27,0.00,0.00,0.00,150.00,0.9500,0.9500,0.8309,0.9474,0.9731,1.0000,1.0000,0.9986,103640.02,212918395.3,0.6826,
1767,-87.07,504.60,0.00,0.00,0.00,150.00,0.9500,0.9500,0.7188,0.8529,0.9418,0.9915,1.0000,1.0000,89658.48,212937792.9,0.7009,
1638,-118.79,476.94,0.00,0.00,0.00,150.00,0.9500,0.9500,0.7273,0.8541,0.9436,1.0000,1.0000,1.0000,90717.32,212948828.6,0.6929,
1356,146.34,407.38,0.00,0.00,0.00,150.00,0.9500,0.9500,0.7440,0.8690,0.9486,1.0000,1.0000,1.0000,92798.05,212968928.0,0.6923,
1529,-128.29,453.14,0.00,0.00,0.00,150.00,0.9500,0.9500,0.7306,0.8564,0.9453,1.0000,1.0000,1.0000,91130.99,212976883.5,0.6917,
1768,-62.34,508.25,0.00,0.00,0.00,150.00,0.9500,0.9500,0.7206,0.8539,0.9418,0.9928,1.0000,1.0000,89881.85,213014108.4,0.7013,
1069,-232.27,302.22,0.00,0.00,0.00,150.00,0.9500,0.9500,0.7382,0.8600,0.9530,0.9980,1.0000,1.0000,92081.36,213034579.4,0.6955,
826,189.84,270.95,0.00,0.00,0.00,150.00,0.9500,0.9500,0.7667,0.8874,0.9573,1.0000,1.0000,1.0000,95630.01,213045597.4,0.6929,
813,-216.41,250.24,0.00,0.00,0.00,150.00,0.9500,0.9500,0.7517,0.8701,0.9573,1.0000,1.0000,1.0000,93763.72,213095366.8,0.6921,
1266,153.76,385.69,0.00,0.00,0.00,150.00,0.9500,0.9500,0.7477,0.8720,0.9501,1.0000,1.0000,1.0000,93262.43,213144133.3,0.6927,
217,164.58,78.72,0.00,0.00,0.00,150.00,0.9500,0.9500,0.7964,0.9270,0.9694,0.9819,1.0000,1.0000,99336.25,213264447.2,0.6916,
1438,-138.03,430.31,0.00,0.00,0.00,150.00,0.9500,0.9500,0.7337,0.8585,0.9470,1.0000,1.0000,1.0000,91517.78,213295091.3,0.6923,
979,-191.23,310.64,0.00,0.00,0.00,150.00,0.9500,0.9500,0.7348,0.8679,0.9544,0.9829,1.0000,1.0000,91654.93,213296108.0,0.6987,
1175,159.87,363.99,0.00,0.00,0.00,150.00,0.9500,0.9500,0.7515,0.8751,0.9516,1.0000,1.0000,1.0000,93743.99,213299099.9,0.6929,
645,200.45,209.23,0.00,0.00,0.00,150.00,0.9500,0.9500,0.7766,0.8956,0.9608,1.0000,1.0000,1.0000,96864.05,213310884.2,0.6952,
1536,96.76,460.91,0.00,0.00,0.00,150.00,0.9500,0.9500,0.7364,0.8632,0.9453,1.0000,1.0000,1.0000,91852.04,213343768.0,0.6940,
1346,-146.34,407.38,0.00,0.00,0.00,150.00,0.9500,0.9500,0.7370,0.8609,0.9486,1.0000,1.0000,1.0000,91923.33,213422977.6,0.6924,
289,-186.23,89.08,0.00,0.00,0.00,150.00,0.9500,0.9500,0.7840,0.8978,0.9676,1.0000,1.0000,0.9999,97787.99,213424321.1,0.6882,
568,-201.34,189.81,0.00,0.00,0.00,150.00,0.9500,0.9500,0.7660,0.8825,0.9619,1.0000,1.0000,1.0000,95552.57,213451586.1,0.6930,
766,194.77,249.88,0.00,0.00,0.00,150.00,0.9500,0.9500,0.7700,0.8901,0.9585,1.0000,1.0000,1.0000,96040.75,213520384.0,0.6954,
463,200.30,153.55,0.00,0.00,0.00,150.00,0.9500,0.9500,0.7791,0.9039,0.9639,0.9909,1.0000,1.0000,97182.11,213549108.3,0.6964,
1446,108.04,438.80,0.00,0.00,0.00,150.00,0.9500,0.9500,0.7403,0.8662,0.9470,1.0000,1.0000,1.0000,92335.07,213561580.0,0.6944,
1771,12.50,511.91,0.00,0.00,0.00,150.00,0.9500,0.9500,0.7255,0.8561,0.9418,0.9970,1.0000,1.0000,90493.22,213603376.9,0.7034,
899,59.68,342.65,0.00,0.00,0.00,150.00,0.9500,0.9500,0.7304,0.8870,0.9559,0.9546,1.0000,1.0000,91107.29,213621174.1,0.7062,
1530,-96.76,460.91,0.00,0.00,0.00,150.00,0.9500,0.9500,0.7321,0.8581,0.9453,1.0000,1.0000,1.0000,91315.16,213626618.4,0.6940,
1770,-12.50,511.91,0.00,0.00,0.00,150.00,0.9500,0.9500,0.7239,0.8555,0.9418,0.9956,1.0000,1.0000,90299.44,213638105.7,0.7034,
1255,-153.76,385.69,0.00,0.00,0.00,150.00,0.9500,0.9500,0.7401,0.8631,0.9501,1.0000,1.0000,1.0000,92310.05,213639717.7,0.6927,
1355,117.92,416.49,0.00,0.00,0.00,150.00,0.9500,0.9500,0.7443,0.8694,0.9486,1.0000,1.0000,1.0000,92834.27,213715825.3,0.6947,
994,169.36,323.08,0.00,0.00,0.00,150.00,0.9500,0.9500,0.7557,0.8813,0.9544,0.9956,1.0000,1.0000,94266.08,213758105.7,0.7028,
1087,210.89,317.51,0.00,0.00,0.00,150.00,0.9500,0.9500,0.7534,0.8759,0.9530,1.0000,1.0000,1.0000,93972.96,213763674.2,0.7008,
348,189.95,107.87,0.00,0.00,0.00,150.00,0.9500,0.9500,0.7963,0.9128,0.9666,1.0000,1.0000,1.0000,99331.03,213768853.9,0.6945,
105,-140.01,42.92,0.00,0.00,0.00,150.00,0.9500,0.9500,0.8104,0.9251,0.9720,1.0000,1.0000,0.9987,101087.09,213782836.1,0.6826,
705,198.07,229.04,0.00,0.00,0.00,150.00,0.9500,0.9500,0.7734,0.8929,0.9597,1.0000,1.0000,1.0000,96464.84,213787832.3,0.6967,
814,-189.84,270.95,0.00,0.00,0.00,150.00,0.9500,0.9500,0.7553,0.8742,0.9573,1.0000,1.0000,1.0000,94211.78,213792527.2,0.6929,
1535,64.76,466.48,0.00,0.00,0.00,150.00,0.9500,0.9500,0.7362,0.8630,0.9453,1.0000,1.0000,1.0000,91832.19,213796337.6,0.6954,
1163,-159.87,363.99,0.00,0.00,0.00,150.00,0.9500,0.9500,0.7433,0.8655,0.9516,1.0000,1.0000,1.0000,92716.81,213834644.7,0.6929,
1439,-108.04,438.80,0.00,0.00,0.00,150.00,0.9500,0.9500,0.7353,0.8604,0.9470,1.0000,1.0000,1.0000,91713.63,213885088.5,0.6944,
524,201.48,171.43,0.00,0.00,0.00,150.00,0.9500,0.9500,0.7830,0.9010,0.9629,1.0000,1.0000,1.0000,97668.29,213897672.4,0.6986,
173,158.54,62.57,0.00,0.00,0.00,150.00,0.9500,0.9500,0.8149,0.9307,0.9703,1.0000,1.0000,0.9999,101645.35,213928612.2,0.6911,
1265,126.82,395.37,0.00,0.00,0.00,150.00,0.9500,0.9500,0.7481,0.8725,0.9501,1.0000,1.0000,1.0000,93312.23,213950318.0,0.6952,
1531,-64.76,466.48,0.00,0.00,0.00,150.00,0.9500,0.9500,0.7333,0.8596,0.9453,1.0000,1.0000,1.0000,91473.12,213985423.9,0.6954,
54,-126.98,25.27,0.00,0.00,0.00,150.00,0.9500,0.9500,0.8175,0.9322,0.9731,1.0000,1.0000,0.9985,101965.87,214008207.6,0.6826,
894,-59.68,342.65,0.00,0.00,0.00,150.00,0.9500,0.9500,0.7200,0.8830,0.9559,0.9451,1.0000,1.0000,89803.95,214016745.6,0.7062,
1347,-117.92,416.49,0.00,0.00,0.00,150.00,0.9500,0.9500,0.7386,0.8628,0.9486,1.0000,1.0000,1.0000,92130.38,214078856.9,0.6947,
1534,32.46,469.83,0.00,0.00,0.00,150.00,0.9500,0.9500,0.7358,0.8625,0.9453,1.0000,1.0000,1.0000,91784.13,214087976.7,0.6962,
630,-200.45,209.23,0.00,0.00,0.00,150.00,0.9500,0.9500,0.7633,0.8802,0.9608,1.0000,1.0000,1.0000,95204.28,214139637.0,0.6952,
1174,134.40,374.14,0.00,0.00,0.00,150.00,0.9500,0.9500,0.7521,0.8757,0.9516,1.0000,1.0000,1.0000,93807.26,214158313.4,0.6956,
1532,-32.46,469.83,0.00,0.00,0.00,150.00,0.9500,0.9500,0.7344,0.8608,0.9453,1.0000,1.0000,1.0000,91604.25,214182675.0,0.6962,
1533,0.00,470.95,0.00,0.00,0.00,150.00,0.9500,0.9500,0.7352,0.8618,0.9453,1.0000,1.0000,1.0000,91708.05,214216978.8,0.6965,
1645,47.91,489.16,0.00,0.00,0.00,150.00,0.9500,0.9500,0.7320,0.8597,0.9436,1.0000,1.0000,1.0000,91309.02,214231040.9,0.6994,
1445,77.54,445.21,0.00,0.00,0.00,150.00,0.9500,0.9500,0.7402,0.8662,0.9470,1.0000,1.0000,1.0000,92329.39,214246248.5,0.6965,
753,-194.77,249.88,0.00,0.00,0.00,150.00,0.9500,0.9500,0.7579,0.8761,0.9585,1.0000,1.0000,1.0000,94534.98,214273433.9,0.6954,
1641,-47.91,489.16,0.00,0.00,0.00,150.00,0.9500,0.9500,0.7300,0.8573,0.9436,1.0000,1.0000,1.0000,91053.14,214304349.9,0.6994,
201,-164.58,78.72,0.00,0.00,0.00,150.00,0.9500,0.9500,0.7963,0.9102,0.9694,1.0000,1.0000,1.0000,99326.21,214307994.1,0.6916,
1256,-126.82,395.37,0.00,0.00,0.00,150.00,0.9500,0.9500,0.7418,0.8651,0.9501,1.0000,1.0000,1.0000,92527.88,214355965.9,0.6952,
644,178.13,228.53,0.00,0.00,0.00,150.00,0.9500,0.9500,0.7787,0.8980,0.9608,1.0000,1.0000,1.0000,97124.64,214399095.0,0.6988,
980,-169.36,323.08,0.00,0.00,0.00,150.00,0.9500,0.9500,0.7380,0.8704,0.9544,0.9843,1.0000,1.0000,92050.26,214400321.6,0.7028,
583,181.00,209.30,0.00,0.00,0.00,150.00,0.9500,0.9500,0.7821,0.9010,0.9619,1.0000,1.0000,1.0000,97559.58,214401695.2,0.6990,
403,193.88,133.53,0.00,0.00,0.00,150.00,0.9500,0.9500,0.7916,0.9087,0.9653,1.0000,1.0000,1.0000,98744.22,214407264.2,0.6986,
704,173.76,247.99,0.00,0.00,0.00,150.00,0.9500,0.9500,0.7753,0.8951,0.9597,1.0000,1.0000,1.0000,96703.00,214422125.4,0.6975,
1354,88.93,423.63,0.00,0.00,0.00,150.00,0.9500,0.9500,0.7443,0.8695,0.9486,1.0000,1.0000,1.0000,92842.59,214474476.4,0.6970,
1440,-77.54,445.21,0.00,0.00,0.00,150.00,0.9500,0.9500,0.7366,0.8620,0.9470,1.0000,1.0000,1.0000,91883.78,214481994.6,0.6965,
765,168.36,268.39,0.00,0.00,0.00,150.00,0.9500,0.9500,0.7717,0.8921,0.9585,1.0000,1.0000,1.0000,96255.21,214482685.4,0.6968,
402,179.30,152.55,0.00,0.00,0.00,150.00,0.9500,0.9500,0.7778,0.9118,0.9653,0.9792,1.0000,1.0000,97016.07,214520699.6,0.7014,
1070,-210.89,317.51,0.00,0.00,0.00,150.00,0.9500,0.9500,0.7418,0.8628,0.9530,0.9996,1.0000,1.0000,92531.13,214560608.6,0.7009,
825,161.31,288.85,0.00,0.00,0.00,150.00,0.9500,0.9500,0.7682,0.8891,0.9573,1.0000,1.0000,1.0000,95819.47,214566664.6,0.6965,
691,-198.07,229.04,0.00,0.00,0.00,150.00,0.9500,0.9500,0.7606,0.8782,0.9597,1.0000,1.0000,1.0000,94878.85,214567974.9,0.6968,
445,-200.30,153.55,0.00,0.00,0.00,150.00,0.9500,0.9500,0.7716,0.8870,0.9639,1.0000,1.0000,1.0000,96241.12,214568441.5,0.6964,
1164,-134.40,374.14,0.00,0.00,0.00,150.00,0.9500,0.9500,0.7451,0.8676,0.9516,1.0000,1.0000,1.0000,92945.04,214605249.2,0.6956,
1264,99.27,403.17,0.00,0.00,0.00,150.00,0.9500,0.9500,0.7483,0.8727,0.9501,1.0000,1.0000,1.0000,93334.37,214612347.3,0.6973,
1444,46.67,449.49,0.00,0.00,0.00,150.00,0.9500,0.9500,0.7399,0.8658,0.9470,1.0000,1.0000,1.0000,92295.61,214615149.2,0.6976,
1348,-88.93,423.63,0.00,0.00,0.00,150.00,0.9500,0.9500,0.7401,0.8645,0.9486,1.0000,1.0000,1.0000,92312.27,214750449.6,0.6970,
1441,-46.67,449.49,0.00,0.00,0.00,150.00,0.9500,0.9500,0.7378,0.8633,0.9470,1.0000,1.0000,1.0000,92027.55,214756918.2,0.6976,
1443,15.58,451.64,0.00,0.00,0.00,150.00,0.9500,0.9500,0.7394,0.8653,0.9470,1.0000,1.0000,1.0000,92233.87,214823884.8,0.6982,
993,146.69,333.99,0.00,0.00,0.00,150.00,0.9500,0.9500,0.7580,0.8821,0.9544,0.9977,1.0000,1.0000,94554.31,214844409.8,0.7064,
1442,-15.58,451.64,0.00,0.00,0.00,150.00,0.9500,0.9500,0.7387,0.8644,0.9470,1.0000,1.0000,1.0000,92144.40,214871194.5,0.6982,
1173,108.30,382.51,0.00,0.00,0.00,150.00,0.9500,0.9500,0.7523,0.8760,0.9516,1.0000,1.0000,1.0000,93842.82,214879565.6,0.6978,
333,-189.95,107.87,0.00,0.00,0.00,150.00,0.9500,0.9500,0.7810,0.8953,0.9666,1.0000,1.0000,1.0000,97417.27,214882177.7,0.6945,
1353,59.52,428.75,0.00,0.00,0.00,150.00,0.9500,0.9500,0.7442,0.8693,0.9486,1.0000,1.0000,1.0000,92822.98,214917940.8,0.6984,
1257,-99.27,403.17,0.00,0.00,0.00,150.00,0.9500,0.9500,0.7433,0.8669,0.9501,1.0000,1.0000,1.0000,92721.13,214926444.0,0.6973,
507,-201.48,171.43,0.00,0.00,0.00,150.00,0.9500,0.9500,0.7684,0.8846,0.9629,0.9996,1.0000,1.0000,95848.64,214932121.1,0.6987,
906,211.95,275.78,0.00,0.00,0.00,150.00,0.9500,0.9500,0.7610,0.8822,0.9559,1.0000,1.0000,1.0000,94924.31,215000354.4,0.7032,
156,-158.54,62.57,0.00,0.00,0.00,150.00,0.9500,0.9500,0.8002,0.9139,0.9703,1.0000,1.0000,0.9998,99808.61,215050622.1,0.6911,
1349,-59.52,428.75,0.00,0.00,0.00,150.00,0.9500,0.9500,0.7413,0.8660,0.9486,1.0000,1.0000,1.0000,92468.29,215100513.2,0.6984,
1263,71.24,409.05,0.00,0.00,0.00,150.00,0.9500,0.9500,0.7482,0.8726,0.9501,1.0000,1.0000,1.0000,93328.78,215124842.8,0.6989,
692,-173.76,247.99,0.00,0.00,0.00,150.00,0.9500,0.9500,0.7642,0.8823,0.9597,1.0000,1.0000,1.0000,95316.64,215153351.1,0.6975,
754,-168.36,268.39,0.00,0.00,0.00,150.00,0.9500,0.9500,0.7613,0.8801,0.9585,1.0000,1.0000,1.0000,94958.04,215166532.8,0.6968,
631,-178.13,228.53,0.00,0.00,0.00,150.00,0.9500,0.9500,0.7669,0.8844,0.9608,1.0000,1.0000,1.0000,95655.09,215177051.8,0.6989,
569,-181.00,209.30,0.00,0.00,0.00,150.00,0.9500,0.9500,0.7698,0.8867,0.9619,1.0000,1.0000,1.0000,96014.52,215188114.7,0.6990,
815,-161.31,288.85,0.00,0.00,0.00,150.00,0.9500,0.9500,0.7586,0.8780,0.9573,1.0000,1.0000,1.0000,94618.21,215198027.1,0.6965,
1165,-108.30,382.51,0.00,0.00,0.00,150.00,0.9500,0.9500,0.7468,0.8696,0.9516,1.0000,1.0000,1.0000,93148.97,215236004.4,0.6978,
1086,188.50,331.29,0.00,0.00,0.00,150.00,0.9500,0.9500,0.7544,0.8772,0.9530,1.0000,1.0000,1.0000,94102.12,215242777.4,0.7057,
1258,-71.24,409.05,0.00,0.00,0.00,150.00,0.9500,0.9500,0.7447,0.8685,0.9501,1.0000,1.0000,1.0000,92889.03,215346155.9,0.6989,
981,-146.69,333.99,0.00,0.00,0.00,150.00,0.9500,0.9500,0.7410,0.8727,0.9544,0.9858,1.0000,1.0000,92433.95,215396705.3,0.7065,
1352,29.83,431.83,0.00,0.00,0.00,150.00,0.9500,0.9500,0.7438,0.8688,0.9486,1.0000,1.0000,1.0000,92775.51,215398913.9,0.6997,
385,-179.30,152.55,0.00,0.00,0.00,150.00,0.9500,0.9500,0.7806,0.8960,0.9653,1.0000,1.0000,1.0000,97364.06,215428380.3,0.7014,
384,-193.88,133.53,0.00,0.00,0.00,150.00,0.9500,0.9500,0.7767,0.8916,0.9653,1.0000,1.0000,1.0000,96884.67,215452167.5,0.6986,
1172,81.68,389.07,0.00,0.00,0.00,150.00,0.9500,0.9500,0.7524,0.8761,0.9516,1.0000,1.0000,1.0000,93851.14,215456586.9,0.6996,
74,122.60,41.63,0.00,0.00,0.00,150.00,0.9500,0.9500,0.8344,0.9514,0.9731,1.0000,1.0000,0.9986,104081.52,215462177.9,0.6892,
582,158.78,226.62,0.00,0.00,0.00,150.00,0.9500,0.9500,0.7840,0.9031,0.9619,1.0000,1.0000,1.0000,97791.60,215474060.5,0.7016,
1350,-29.83,431.83,0.00,0.00,0.00,150.00,0.9500,0.9500,0.7424,0.8672,0.9486,1.0000,1.0000,1.0000,92597.82,215493323.5,0.6997,
1351,0.00,432.86,0.00,0.00,0.00,150.00,0.9500,0.9500,0.7432,0.8681,0.9486,1.0000,1.0000,1.0000,92700.36,215525985.2,0.6999,
260,169.08,96.01,0.00,0.00,0.00,150.00,0.9500,0.9500,0.8060,0.9236,0.9685,0.9985,1.0000,1.0000,100541.11,215574319.2,0.7028,
1262,42.88,412.99,0.00,0.00,0.00,150.00,0.9500,0.9500,0.7480,0.8723,0.9501,1.0000,1.0000,1.0000,93295.46,215681862.3,0.7004,
1166,-81.68,389.07,0.00,0.00,0.00,150.00,0.9500,0.9500,0.7482,0.8712,0.9516,1.0000,1.0000,1.0000,93328.37,215721043.8,0.6996,
643,153.97,245.46,0.00,0.00,0.00,150.00,0.9500,0.9500,0.7803,0.8999,0.9608,1.0000,1.0000,1.0000,97333.94,215797381.4,0.7010,
703,147.64,264.37,0.00,0.00,0.00,150.00,0.9500,0.9500,0.7768,0.8968,0.9597,1.0000,1.0000,1.0000,96888.18,215815475.4,0.7003,
992,123.33,343.30,0.00,0.00,0.00,150.00,0.9500,0.9500,0.7602,0.8827,0.9544,0.9999,1.0000,1.0000,94825.00,215816197.1,0.7097,
1259,-42.88,412.99,0.00,0.00,0.00,150.00,0.9500,0.9500,0.7458,0.8698,0.9501,1.0000,1.0000,1.0000,93030.93,215816719.1,0.7004,
887,-211.95,275.78,0.00,0.00,0.00,150.00,0.9500,0.9500,0.7488,0.8680,0.9559,1.0000,1.0000,1.0000,93398.24,215842818.6,0.7032,
764,140.19,284.12,0.00,0.00,0.00,150.00,0.9500,0.9500,0.7730,0.8936,0.9585,1.0000,1.0000,1.0000,96415.18,215859146.5,0.7001,
1171,54.67,393.77,0.00,0.00,0.00,150.00,0.9500,0.9500,0.7523,0.8759,0.9516,1.0000,1.0000,1.0000,93831.74,215884400.3,0.7009,
824,131.10,303.76,0.00,0.00,0.00,150.00,0.9500,0.9500,0.7693,0.8904,0.9573,1.0000,1.0000,1.0000,95953.09,215890769.0,0.7001,
1071,-188.50,331.29,0.00,0.00,0.00,150.00,0.9500,0.9500,0.7443,0.8654,0.9530,1.0000,1.0000,1.0000,92845.32,215952665.2,0.7057,
1167,-54.67,393.77,0.00,0.00,0.00,150.00,0.9500,0.9500,0.7495,0.8727,0.9516,1.0000,1.0000,1.0000,93482.10,216055783.6,0.7009,
1261,14.32,414.96,0.00,0.00,0.00,150.00,0.9500,0.9500,0.7475,0.8717,0.9501,1.0000,1.0000,1.0000,93234.54,216116530.0,0.7015,
462,183.65,173.12,0.00,0.00,0.00,150.00,0.9500,0.9500,0.7824,0.9068,0.9639,0.9918,1.0000,1.0000,97588.44,216141655.7,0.7055,
1260,-14.32,414.96,0.00,0.00,0.00,150.00,0.9500,0.9500,0.7468,0.8709,0.9501,1.0000,1.0000,1.0000,93146.25,216163673.5,0.7015,
570,-158.78,226.62,0.00,0.00,0.00,150.00,0.9500,0.9500,0.7732,0.8907,0.9619,1.0000,1.0000,1.0000,96440.80,216198801.1,0.7016,
1169,0.00,397.55,0.00,0.00,0.00,150.00,0.9500,0.9500,0.7513,0.8748,0.9516,1.0000,1.0000,1.0000,93710.85,216243664.9,0.7018,
982,-123.33,343.30,0.00,0.00,0.00,150.00,0.9500,0.9500,0.7440,0.8748,0.9544,0.9874,1.0000,1.0000,92804.86,216277702.9,0.7097,
816,-131.10,303.76,0.00,0.00,0.00,150.00,0.9500,0.9500,0.7615,0.8814,0.9573,1.0000,1.0000,1.0000,94979.31,216398893.3,0.7001,
1170,27.40,396.60,0.00,0.00,0.00,150.00,0.9500,0.9500,0.7519,0.8755,0.9516,1.0000,1.0000,1.0000,93784.88,216401884.3,0.7023,
755,-140.19,284.12,0.00,0.00,0.00,150.00,0.9500,0.9500,0.7643,0.8836,0.9585,1.0000,1.0000,1.0000,95338.05,216424528.8,0.7001,
693,-147.64,264.37,0.00,0.00,0.00,150.00,0.9500,0.9500,0.7673,0.8860,0.9597,1.0000,1.0000,1.0000,95713.76,216434040.4,0.7003,
523,183.01,191.03,0.00,0.00,0.00,150.00,0.9500,0.9500,0.7854,0.9038,0.9629,1.0000,1.0000,1.0000,97969.55,216436835.0,0.7072,
632,-153.97,245.46,0.00,0.00,0.00,150.00,0.9500,0.9500,0.7702,0.8882,0.9608,1.0000,1.0000,1.0000,96067.80,216466321.7,0.7010,
1168,-27.40,396.60,0.00,0.00,0.00,150.00,0.9500,0.9500,0.7505,0.8739,0.9516,1.0000,1.0000,1.0000,93609.72,216488905.6,0.7023,
55,-122.60,41.63,0.00,0.00,0.00,150.00,0.9500,0.9500,0.8215,0.9369,0.9731,1.0000,1.0000,0.9985,102471.74,216509009.6,0.6893,
1085,165.22,343.49,0.00,0.00,0.00,150.00,0.9500,0.9500,0.7552,0.8781,0.9530,1.0000,1.0000,1.0000,94204.94,216515718.3,0.7100,
304,171.91,114.30,0.00,0.00,0.00,150.00,0.9500,0.9500,0.8037,0.9203,0.9676,1.0000,1.0000,1.0000,100244.23,216576380.6,0.7053,
245,-169.08,96.01,0.00,0.00,0.00,150.00,0.9500,0.9500,0.7927,0.9069,0.9685,1.0000,1.0000,1.0000,98874.18,216631878.1,0.7029,
991,99.37,350.99,0.00,0.00,0.00,150.00,0.9500,0.9500,0.7606,0.8830,0.9544,1.0000,1.0000,1.0000,94869.57,216666998.8,0.7124,
29,107.77,32.28,0.00,0.00,0.00,150.00,0.9500,0.9500,0.8428,0.9599,0.9742,1.0000,1.0000,0.9986,105129.11,216722558.6,0.6931,
581,134.91,241.59,0.00,0.00,0.00,150.00,0.9500,0.9500,0.7854,0.9048,0.9619,1.0000,1.0000,1.0000,97972.06,216810599.9,0.7036,
823,99.53,315.51,0.00,0.00,0.00,150.00,0.9500,0.9500,0.7699,0.8911,0.9573,1.0000,1.0000,1.0000,96029.78,216970957.9,0.7031,
216,151.93,101.01,0.00,0.00,0.00,150.00,0.9500,0.9500,0.8018,0.9314,0.9694,0.9839,1.0000,1.0000,100008.23,217023082.3,0.7076,
763,110.57,296.90,0.00,0.00,0.00,150.00,0.9500,0.9500,0.7738,0.8945,0.9585,1.0000,1.0000,1.0000,96519.33,217025345.3,0.7032,
983,-99.37,350.99,0.00,0.00,0.00,150.00,0.9500,0.9500,0.7469,0.8767,0.9544,0.9891,1.0000,1.0000,93162.19,217037058.0,0.7124,
702,119.99,278.02,0.00,0.00,0.00,150.00,0.9500,0.9500,0.7778,0.8980,0.9597,1.0000,1.0000,1.0000,97018.83,217040601.2,0.7033,
642,128.21,259.84,0.00,0.00,0.00,150.00,0.9500,0.9500,0.7816,0.9014,0.9608,1.0000,1.0000,1.0000,97490.12,217051737.0,0.7036,
446,-183.65,173.12,0.00,0.00,0.00,150.00,0.9500,0.9500,0.7754,0.8914,0.9639,1.0000,1.0000,1.0000,96719.57,217067088.1,0.7055,
1072,-165.22,343.49,0.00,0.00,0.00,150.00,0.9500,0.9500,0.7464,0.8679,0.9530,1.0000,1.0000,1.0000,93105.49,217136132.3,0.7100,
822,66.93,324.00,0.00,0.00,0.00,150.00,0.9500,0.9500,0.7700,0.8913,0.9573,1.0000,1.0000,1.0000,96048.87,217283154.0,0.7042,
821,33.64,329.13,0.00,0.00,0.00,150.00,0.9500,0.9500,0.7697,0.8909,0.9573,1.0000,1.0000,1.0000,96010.21,217333170.0,0.7046,
817,-99.53,315.51,0.00,0.00,0.00,150.00,0.9500,0.9500,0.7640,0.8843,0.9573,1.0000,1.0000,1.0000,95291.98,217349887.3,0.7031,
508,-183.01,191.03,0.00,0.00,0.00,150.00,0.9500,0.9500,0.7725,0.8889,0.9629,1.0000,1.0000,1.0000,96355.58,217370884.5,0.7072,
990,74.95,357.00,0.00,0.00,0.00,150.00,0.9500,0.9500,0.7606,0.8831,0.9544,1.0000,1.0000,1.0000,94877.60,217391838.8,0.7147,
762,79.81,306.61,0.00,0.00,0.00,150.00,0.9500,0.9500,0.7742,0.8950,0.9585,1.0000,1.0000,1.0000,96566.77,217392609.5,0.7044,
571,-134.91,241.59,0.00,0.00,0.00,150.00,0.9500,0.9500,0.7763,0.8942,0.9619,1.0000,1.0000,1.0000,96827.65,217423166.7,0.7036,
701,91.10,288.78,0.00,0.00,0.00,150.00,0.9500,0.9500,0.7784,0.8987,0.9597,1.0000,1.0000,1.0000,97093.81,217432067.9,0.7044,
756,-110.57,296.90,0.00,0.00,0.00,150.00,0.9500,0.9500,0.7670,0.8867,0.9585,1.0000,1.0000,1.0000,95671.69,217465154.9,0.7032,
819,-33.64,329.13,0.00,0.00,0.00,150.00,0.9500,0.9500,0.7677,0.8886,0.9573,1.0000,1.0000,1.0000,95761.43,217471823.2,0.7046,
579,83.25,263.89,0.00,0.00,0.00,150.00,0.9500,0.9500,0.7871,0.9067,0.9619,1.0000,1.0000,1.0000,98172.46,217482427.2,0.7047,
761,48.22,313.13,0.00,0.00,0.00,150.00,0.9500,0.9500,0.7741,0.8949,0.9585,1.0000,1.0000,1.0000,96557.08,217515715.9,0.7050,
347,172.96,133.42,0.00,0.00,0.00,150.00,0.9500,0.9500,0.8002,0.9173,0.9666,1.0000,1.0000,1.0000,99813.47,217529292.2,0.7087,
694,-119.99,278.02,0.00,0.00,0.00,150.00,0.9500,0.9500,0.7702,0.8892,0.9597,1.0000,1.0000,1.0000,96066.73,217538112.2,0.7033,
818,-66.93,324.00,0.00,0.00,0.00,150.00,0.9500,0.9500,0.7661,0.8867,0.9573,1.0000,1.0000,1.0000,95553.44,217538583.5,0.7043,
820,0.00,330.84,0.00,0.00,0.00,150.00,0.9500,0.9500,0.7689,0.8900,0.9573,1.0000,1.0000,1.0000,95914.12,217558068.0,0.7051,
1084,141.16,354.07,0.00,0.00,0.00,150.00,0.9500,0.9500,0.7559,0.8788,0.9530,1.0000,1.0000,1.0000,94281.05,217571858.0,0.7135,
700,61.26,296.54,0.00,0.00,0.00,150.00,0.9500,0.9500,0.7786,0.8989,0.9597,1.0000,1.0000,1.0000,97112.48,217600922.0,0.7051,
633,-128.21,259.84,0.00,0.00,0.00,150.00,0.9500,0.9500,0.7732,0.8917,0.9608,1.0000,1.0000,1.0000,96438.66,217604933.2,0.7036,
290,-171.91,114.30,0.00,0.00,0.00,150.00,0.9500,0.9500,0.7894,0.9039,0.9676,1.0000,1.0000,1.0000,98459.97,217606899.0,0.7053,
640,72.99,280.41,0.00,0.00,0.00,150.00,0.9500,0.9500,0.7828,0.9027,0.9608,1.0000,1.0000,1.0000,97638.13,217647489.7,0.7051,
984,-74.95,357.00,0.00,0.00,0.00,150.00,0.9500,0.9500,0.7496,0.8783,0.9544,0.9909,1.0000,1.0000,93505.08,217669969.2,0.7147,
12,-107.77,32.28,0.00,0.00,0.00,150.00,0.9500,0.9500,0.8309,0.9466,0.9742,1.0000,1.0000,0.9985,103644.56,217700580.7,0.6931,
757,-79.81,306.61,0.00,0.00,0.00,150.00,0.9500,0.9500,0.7693,0.8893,0.9585,1.0000,1.0000,1.0000,95956.01,217712332.0,0.7044,
758,-48.22,313.13,0.00,0.00,0.00,150.00,0.9500,0.9500,0.7711,0.8915,0.9585,1.0000,1.0000,1.0000,96188.50,217723059.0,0.7050,
695,-91.10,288.78,0.00,0.00,0.00,150.00,0.9500,0.9500,0.7726,0.8921,0.9597,1.0000,1.0000,1.0000,96372.39,217813847.9,0.7044,
696,-61.26,296.54,0.00,0.00,0.00,150.00,0.9500,0.9500,0.7747,0.8944,0.9597,1.0000,1.0000,1.0000,96628.02,217875928.4,0.7051,
760,16.13,316.41,0.00,0.00,0.00,150.00,0.9500,0.9500,0.7736,0.8943,0.9585,1.0000,1.0000,1.0000,96490.34,217887363.7,0.7059,
573,-83.25,263.89,0.00,0.00,0.00,150.00,0.9500,0.9500,0.7814,0.9002,0.9619,1.0000,1.0000,1.0000,97469.36,217890379.2,0.7047,
759,-16.13,316.41,0.00,0.00,0.00,150.00,0.9500,0.9500,0.7726,0.8931,0.9585,1.0000,1.0000,1.0000,96367.12,217956736.8,0.7059,
202,-151.93,101.01,0.00,0.00,0.00,150.00,0.9500,0.9500,0.7851,0.9159,0.9694,0.9797,1.0000,1.0000,97928.81,217961293.7,0.7076,
989,50.16,361.32,0.00,0.00,0.00,150.00,0.9500,0.9500,0.7605,0.8829,0.9544,1.0000,1.0000,1.0000,94858.55,217987125.6,0.7165,
635,-72.99,280.41,0.00,0.00,0.00,150.00,0.9500,0.9500,0.7780,0.8972,0.9608,1.0000,1.0000,1.0000,97041.85,217989154.7,0.7051,
580,109.65,254.05,0.00,0.00,0.00,150.00,0.9500,0.9500,0.7865,0.9060,0.9619,1.0000,1.0000,1.0000,98099.39,218037055.1,0.7061,
1073,-141.16,354.07,0.00,0.00,0.00,150.00,0.9500,0.9500,0.7483,0.8701,0.9530,1.0000,1.0000,1.0000,93343.32,218101661.7,0.7135,
699,30.79,301.23,0.00,0.00,0.00,150.00,0.9500,0.9500,0.7783,0.8986,0.9597,1.0000,1.0000,1.0000,97074.67,218107381.7,0.7064,
641,101.13,271.53,0.00,0.00,0.00,150.00,0.9500,0.9500,0.7824,0.9023,0.9608,1.0000,1.0000,1.0000,97591.81,218123511.6,0.7061,
985,-50.16,361.32,0.00,0.00,0.00,150.00,0.9500,0.9500,0.7523,0.8797,0.9544,0.9928,1.0000,1.0000,93832.75,218172991.0,0.7165,
461,165.09,190.90,0.00,0.00,0.00,150.00,0.9500,0.9500,0.7855,0.9093,0.9639,0.9930,1.0000,1.0000,97979.45,218216858.2,0.7128,
578,55.98,270.98,0.00,0.00,0.00,150.00,0.9500,0.9500,0.7872,0.9068,0.9619,1.0000,1.0000,1.0000,98190.65,218229935.4,0.7065,
697,-30.79,301.23,0.00,0.00,0.00,150.00,0.9500,0.9500,0.7763,0.8963,0.9597,1.0000,1.0000,1.0000,96831.39,218245703.4,0.7064,
639,44.10,286.38,0.00,0.00,0.00,150.00,0.9500,0.9500,0.7827,0.9027,0.9608,1.0000,1.0000,1.0000,97628.67,218274777.4,0.7067,
698,0.00,302.80,0.00,0.00,0.00,150.00,0.9500,0.9500,0.7775,0.8977,0.9597,1.0000,1.0000,1.0000,96980.70,218324169.5,0.7068,
988,25.14,363.92,0.00,0.00,0.00,150.00,0.9500,0.9500,0.7594,0.8825,0.9544,0.9990,1.0000,1.0000,94717.47,218450556.3,0.7178,
1083,116.42,362.95,0.00,0.00,0.00,150.00,0.9500,0.9500,0.7562,0.8793,0.9530,1.0000,1.0000,1.0000,94330.09,218475718.6,0.7165,
636,-44.10,286.38,0.00,0.00,0.00,150.00,0.9500,0.9500,0.7798,0.8993,0.9608,1.0000,1.0000,1.0000,97268.82,218481505.0,0.7067,
574,-55.98,270.98,0.00,0.00,0.00,150.00,0.9500,0.9500,0.7834,0.9025,0.9619,1.0000,1.0000,1.0000,97718.47,218503902.2,0.7065,
334,-172.96,133.42,0.00,0.00,0.00,150.00,0.9500,0.9500,0.7863,0.9013,0.9666,1.0000,1.0000,1.0000,98081.04,218522720.0,0.7088,
572,-109.65,254.05,0.00,0.00,0.00,150.00,0.9500,0.9500,0.7790,0.8974,0.9619,1.0000,1.0000,1.0000,97171.53,218527447.8,0.7061,
172,148.21,84.16,0.00,0.00,0.00,150.00,0.9500,0.9500,0.8189,0.9352,0.9703,1.0000,1.0000,1.0000,102150.22,218532122.3,0.7108,
986,-25.14,363.92,0.00,0.00,0.00,150.00,0.9500,0.9500,0.7548,0.8809,0.9544,0.9948,1.0000,1.0000,94144.47,218543945.3,0.7178,
634,-101.13,271.53,0.00,0.00,0.00,150.00,0.9500,0.9500,0.7758,0.8947,0.9608,1.0000,1.0000,1.0000,96764.31,218553173.5,0.7061,
638,14.75,289.38,0.00,0.00,0.00,150.00,0.9500,0.9500,0.7822,0.9021,0.9608,1.0000,1.0000,1.0000,97563.52,218628554.5,0.7076,
987,0.00,364.78,0.00,0.00,0.00,150.00,0.9500,0.9500,0.7571,0.8818,0.9544,0.9968,1.0000,1.0000,94439.57,218640717.4,0.7182,
637,-14.75,289.38,0.00,0.00,0.00,150.00,0.9500,0.9500,0.7812,0.9009,0.9608,1.0000,1.0000,1.0000,97443.17,218697727.8,0.7076,
577,28.14,275.27,0.00,0.00,0.00,150.00,0.9500,0.9500,0.7869,0.9065,0.9619,1.0000,1.0000,1.0000,98153.79,218714390.3,0.7077,
522,162.63,208.65,0.00,0.00,0.00,150.00,0.9500,0.9500,0.7875,0.9062,0.9629,1.0000,1.0000,1.0000,98223.02,218789891.4,0.7150,
259,153.96,118.76,0.00,0.00,0.00,150.00,0.9500,0.9500,0.8109,0.9278,0.9685,1.0000,1.0000,1.0000,101151.42,218845434.6,0.7137,
575,-28.14,275.27,0.00,0.00,0.00,150.00,0.9500,0.9500,0.7850,0.9043,0.9619,1.0000,1.0000,1.0000,97916.66,218852281.1,0.7077,
903,150.77,313.44,0.00,0.00,0.00,150.00,0.9500,0.9500,0.7641,0.8857,0.9559,1.0000,1.0000,1.0000,95303.96,218861750.6,0.7164,
126,134.12,58.81,0.00,0.00,0.00,150.00,0.9500,0.9500,0.8286,0.9446,0.9720,1.0000,1.0000,1.0000,103358.37,218871413.5,0.7132,
1074,-116.42,362.95,0.00,0.00,0.00,150.00,0.9500,0.9500,0.7501,0.8721,0.9530,1.0000,1.0000,1.0000,93557.79,218913514.0,0.7165,
576,0.00,276.71,0.00,0.00,0.00,150.00,0.9500,0.9500,0.7862,0.9056,0.9619,1.0000,1.0000,1.0000,98062.19,218924445.5,0.7081,
896,-11.99,347.61,0.00,0.00,0.00,150.00,0.9500,0.9500,0.7596,0.8854,0.9559,0.9945,1.0000,1.0000,94744.75,218956947.1,0.7193,
897,11.99,347.61,0.00,0.00,0.00,150.00,0.9500,0.9500,0.7497,0.8861,0.9559,0.9807,1.0000,1.0000,93508.61,219016942.1,0.7193,
447,-165.09,190.90,0.00,0.00,0.00,150.00,0.9500,0.9500,0.7790,0.8955,0.9639,1.0000,1.0000,1.0000,97167.59,219032666.9,0.7128,
1082,91.13,370.11,0.00,0.00,0.00,150.00,0.9500,0.9500,0.7564,0.8795,0.9530,1.0000,1.0000,1.0000,94351.84,219155882.2,0.7188,
106,-134.12,58.81,0.00,0.00,0.00,150.00,0.9500,0.9500,0.8153,0.9295,0.9720,1.0000,1.0000,1.0000,101700.68,219353958.8,0.7076,
890,-150.77,313.44,0.00,0.00,0.00,150.00,0.9500,0.9500,0.7554,0.8757,0.9559,1.0000,1.0000,1.0000,94225.32,219450594.7,0.7164,
1075,-91.13,370.11,0.00,0.00,0.00,150.00,0.9500,0.9500,0.7516,0.8739,0.9530,1.0000,1.0000,1.0000,93748.01,219497781.3,0.7188,
157,-148.21,84.16,0.00,0.00,0.00,150.00,0.9500,0.9500,0.8053,0.9196,0.9703,1.0000,1.0000,1.0000,100444.98,219527832.2,0.7108,
509,-162.63,208.65,0.00,0.00,0.00,150.00,0.9500,0.9500,0.7760,0.8930,0.9629,1.0000,1.0000,1.0000,96793.81,219616048.8,0.7150,
1081,65.40,375.51,0.00,0.00,0.00,150.00,0.9500,0.9500,0.7564,0.8794,0.9530,1.0000,1.0000,1.0000,94346.28,219650393.9,0.7204,
246,-153.96,118.76,0.00,0.00,0.00,150.00,0.9500,0.9500,0.7920,0.9127,0.9685,0.9928,1.0000,1.0000,98787.76,219794880.4,0.7137,
1076,-65.40,375.51,0.00,0.00,0.00,150.00,0.9500,0.9500,0.7529,0.8754,0.9530,1.0000,1.0000,1.0000,93913.27,219895011.6,0.7204,
1080,39.37,379.13,0.00,0.00,0.00,150.00,0.9500,0.9500,0.7561,0.8791,0.9530,1.0000,1.0000,1.0000,94313.43,219997699.8,0.7215,
460,144.82,206.70,0.00,0.00,0.00,150.00,0.9500,0.9500,0.7885,0.9114,0.9639,0.9946,1.0000,1.0000,98353.71,220033191.8,0.7191,
303,154.20,137.26,0.00,0.00,0.00,150.00,0.9500,0.9500,0.8071,0.9243,0.9676,1.0000,1.0000,1.0000,100677.90,220043789.3,0.7171,
1077,-39.37,379.13,0.00,0.00,0.00,150.00,0.9500,0.9500,0.7540,0.8767,0.9530,1.0000,1.0000,1.0000,94052.95,220144631.0,0.7215,
1079,13.14,380.94,0.00,0.00,0.00,150.00,0.9500,0.9500,0.7556,0.8786,0.9530,1.0000,1.0000,1.0000,94253.42,220196255.6,0.7220,
1078,-13.14,380.94,0.00,0.00,0.00,150.00,0.9500,0.9500,0.7549,0.8778,0.9530,1.0000,1.0000,1.0000,94166.48,220245259.3,0.7220,
215,136.28,121.30,0.00,0.00,0.00,150.00,0.9500,0.9500,0.8072,0.9351,0.9694,0.9866,1.0000,1.0000,100682.80,220291719.4,0.7185,
346,152.56,156.34,0.00,0.00,0.00,150.00,0.9500,0.9500,0.8035,0.9210,0.9666,1.0000,1.0000,1.0000,100217.76,220687154.6,0.7193,
448,-144.82,206.70,0.00,0.00,0.00,150.00,0.9500,0.9500,0.7746,0.8993,0.9639,0.9901,1.0000,1.0000,96617.61,220733615.9,0.7191,
521,140.57,224.10,0.00,0.00,0.00,150.00,0.9500,0.9500,0.7891,0.9080,0.9629,1.0000,1.0000,1.0000,98426.61,220853932.6,0.7218,
900,83.15,337.73,0.00,0.00,0.00,150.00,0.9500,0.9500,0.7652,0.8870,0.9559,1.0000,1.0000,1.0000,95447.92,220914639.2,0.7236,
291,-154.20,137.26,0.00,0.00,0.00,150.00,0.9500,0.9500,0.7944,0.9097,0.9676,1.0000,1.0000,1.0000,99085.96,220955306.3,0.7171,
203,-136.28,121.30,0.00,0.00,0.00,150.00,0.9500,0.9500,0.7903,0.9214,0.9694,0.9804,1.0000,1.0000,98580.28,221123467.5,0.7185,
893,-83.15,337.73,0.00,0.00,0.00,150.00,0.9500,0.9500,0.7605,0.8815,0.9559,1.0000,1.0000,1.0000,94855.43,221217605.7,0.7236,
125,126.43,73.90,0.00,0.00,0.00,150.00,0.9500,0.9500,0.8315,0.9479,0.9720,1.0000,1.0000,1.0000,103722.60,221277725.9,0.7204,
73,116.11,57.27,0.00,0.00,0.00,150.00,0.9500,0.9500,0.8388,0.9551,0.9731,1.0000,1.0000,1.0000,104628.40,221371188.3,0.7177,
335,-152.56,156.34,0.00,0.00,0.00,150.00,0.9500,0.9500,0.7913,0.9070,0.9666,1.0000,1.0000,1.0000,98697.50,221551319.3,0.7193,
510,-140.57,224.10,0.00,0.00,0.00,150.00,0.9500,0.9500,0.7792,0.8967,0.9629,1.0000,1.0000,1.0000,97195.08,221565224.7,0.7218,
107,-126.43,73.90,0.00,0.00,0.00,150.00,0.9500,0.9500,0.8191,0.9337,0.9720,1.0000,1.0000,1.0000,102166.20,221674636.7,0.7145,
171,134.96,104.10,0.00,0.00,0.00,150.00,0.9500,0.9500,0.8224,0.9391,0.9703,1.0000,1.0000,1.0000,102580.09,221686762.4,0.7221,
459,123.05,220.35,0.00,0.00,0.00,150.00,0.9500,0.9500,0.7914,0.9130,0.9639,0.9964,1.0000,1.0000,98709.63,221705039.1,0.7248,
258,135.80,139.16,0.00,0.00,0.00,150.00,0.9500,0.9500,0.8140,0.9313,0.9685,1.0000,1.0000,1.0000,101536.05,221845215.8,0.7234,
56,-116.11,57.27,0.00,0.00,0.00,150.00,0.9500,0.9500,0.8268,0.9414,0.9731,1.0000,1.0000,1.0000,103126.90,222255304.7,0.7177,
449,-123.05,220.35,0.00,0.00,0.00,150.00,0.9500,0.9500,0.7780,0.9028,0.9639,0.9907,1.0000,1.0000,97041.31,222288388.8,0.7248,
520,117.06,237.24,0.00,0.00,0.00,150.00,0.9500,0.9500,0.7903,0.9095,0.9629,1.0000,1.0000,1.0000,98578.54,222496003.4,0.7273,
158,-134.96,104.10,0.00,0.00,0.00,150.00,0.9500,0.9500,0.8100,0.9250,0.9703,1.0000,1.0000,1.0000,101035.14,222581812.5,0.7221,
247,-135.80,139.16,0.00,0.00,0.00,150.00,0.9500,0.9500,0.7985,0.9180,0.9685,0.9951,1.0000,1.0000,99597.60,222669056.1,0.7234,
214,117.94,139.20,0.00,0.00,0.00,150.00,0.9500,0.9500,0.8126,0.9382,0.9694,0.9900,1.0000,1.0000,101358.16,222767013.6,0.7270,
28,101.71,48.08,0.00,0.00,0.00,150.00,0.9500,0.9500,0.8474,0.9639,0.9742,1.0000,1.0000,1.0000,105704.57,222847105.0,0.7226,
302,133.45,157.51,0.00,0.00,0.00,150.00,0.9500,0.9500,0.8100,0.9276,0.9676,1.0000,1.0000,1.0000,101032.55,222994421.1,0.7267,
396,59.30,227.82,0.00,0.00,0.00,150.00,0.9500,0.9500,0.7767,0.9211,0.9653,0.9680,1.0000,1.0000,96886.02,223071555.1,0.7313,
511,-117.06,237.24,0.00,0.00,0.00,150.00,0.9500,0.9500,0.7821,0.9000,0.9629,1.0000,1.0000,1.0000,97555.70,223088714.1,0.7273,
458,100.01,231.72,0.00,0.00,0.00,150.00,0.9500,0.9500,0.7941,0.9142,0.9639,0.9985,1.0000,1.0000,99045.71,223209385.5,0.7298,
391,-59.30,227.82,0.00,0.00,0.00,150.00,0.9500,0.9500,0.7771,0.9160,0.9653,0.9738,1.0000,1.0000,96924.81,223292221.7,0.7313,
345,129.15,176.17,0.00,0.00,0.00,150.00,0.9500,0.9500,0.8060,0.9239,0.9666,1.0000,1.0000,1.0000,100537.92,223431825.3,0.7284,
204,-117.94,139.20,0.00,0.00,0.00,150.00,0.9500,0.9500,0.7956,0.9263,0.9694,0.9817,1.0000,1.0000,99242.05,223466470.9,0.7270,
399,125.09,199.42,0.00,0.00,0.00,150.00,0.9500,0.9500,0.8001,0.9185,0.9653,1.0000,1.0000,1.0000,99804.91,223536571.7,0.7292,
124,117.04,88.01,0.00,0.00,0.00,150.00,0.9500,0.9500,0.8342,0.9509,0.9720,1.0000,1.0000,1.0000,104048.15,223608832.8,0.7284,
13,-101.71,48.08,0.00,0.00,0.00,150.00,0.9500,0.9500,0.8364,0.9513,0.9742,1.0000,1.0000,1.0000,104326.74,223661355.3,0.7226,
450,-100.01,231.72,0.00,0.00,0.00,150.00,0.9500,0.9500,0.7813,0.9059,0.9639,0.9915,1.0000,1.0000,97452.26,223675230.5,0.7298,
292,-133.45,157.51,0.00,0.00,0.00,150.00,0.9500,0.9500,0.7990,0.9150,0.9676,1.0000,1.0000,1.0000,99661.23,223772909.6,0.7267,
519,92.33,247.91,0.00,0.00,0.00,150.00,0.9500,0.9500,0.7911,0.9104,0.9629,1.0000,1.0000,1.0000,98677.46,223847068.8,0.7317,
72,107.65,71.94,0.00,0.00,0.00,150.00,0.9500,0.9500,0.8417,0.9584,0.9731,1.0000,1.0000,1.0000,104992.72,224132791.6,0.7304,
336,-129.15,176.17,0.00,0.00,0.00,150.00,0.9500,0.9500,0.7957,0.9122,0.9666,1.0000,1.0000,1.0000,99256.60,224154545.5,0.7284,
388,-125.09,199.42,0.00,0.00,0.00,150.00,0.9500,0.9500,0.7907,0.9076,0.9653,1.0000,1.0000,1.0000,98622.01,224198882.4,0.7292,
457,75.93,240.69,0.00,0.00,0.00,150.00,0.9500,0.9500,0.7958,0.9148,0.9639,1.0000,1.0000,1.0000,99262.25,224313760.3,0.7336,
512,-92.33,247.91,0.00,0.00,0.00,150.00,0.9500,0.9500,0.7846,0.9029,0.9629,1.0000,1.0000,1.0000,97872.41,224318384.7,0.7317,
108,-117.04,88.01,0.00,0.00,0.00,150.00,0.9500,0.9500,0.8227,0.9378,0.9720,1.0000,1.0000,1.0000,102613.50,224444917.5,0.7284,
170,119.04,121.98,0.00,0.00,0.00,150.00,0.9500,0.9500,0.8253,0.9424,0.9703,1.0000,1.0000,1.0000,102941.18,224450015.4,0.7310,
257,114.96,156.81,0.00,0.00,0.00,150.00,0.9500,0.9500,0.8165,0.9341,0.9685,1.0000,1.0000,1.0000,101840.87,224492541.7,0.7319,
451,-75.93,240.69,0.00,0.00,0.00,150.00,0.9500,0.9500,0.7845,0.9085,0.9639,0.9926,1.0000,1.0000,97848.70,224667017.5,0.7336,
213,97.27,154.35,0.00,0.00,0.00,150.00,0.9500,0.9500,0.8180,0.9406,0.9694,0.9940,1.0000,1.0000,102030.81,224789161.6,0.7338,
57,-107.65,71.94,0.00,0.00,0.00,150.00,0.9500,0.9500,0.8306,0.9458,0.9731,1.0000,1.0000,1.0000,103606.55,224912062.8,0.7297,
518,66.64,256.01,0.00,0.00,0.00,150.00,0.9500,0.9500,0.7915,0.9108,0.9629,1.0000,1.0000,1.0000,98722.50,224943526.9,0.7353,
248,-114.96,156.81,0.00,0.00,0.00,150.00,0.9500,0.9500,0.8051,0.9229,0.9685,0.9980,1.0000,1.0000,100421.99,225175310.3,0.7319,
159,-119.04,121.98,0.00,0.00,0.00,150.00,0.9500,0.9500,0.8144,0.9300,0.9703,1.0000,1.0000,1.0000,101584.51,225229967.0,0.7310,
456,51.06,247.16,0.00,0.00,0.00,150.00,0.9500,0.9500,0.7959,0.9150,0.9639,1.0000,1.0000,1.0000,99279.90,225254521.6,0.7367,
513,-66.64,256.01,0.00,0.00,0.00,150.00,0.9500,0.9500,0.7868,0.9054,0.9629,1.0000,1.0000,1.0000,98142.37,225288356.0,0.7353,
205,-97.27,154.35,0.00,0.00,0.00,150.00,0.9500,0.9500,0.8010,0.9308,0.9694,0.9836,1.0000,1.0000,99911.51,225343136.2,0.7338,
301,110.06,174.65,0.00,0.00,0.00,150.00,0.9500,0.9500,0.8121,0.9300,0.9676,1.0000,1.0000,1.0000,101302.16,225448726.7,0.7348,
452,-51.06,247.16,0.00,0.00,0.00,150.00,0.9500,0.9500,0.7875,0.9107,0.9639,0.9940,1.0000,1.0000,98228.94,225495712.2,0.7367,
517,40.26,261.46,0.00,0.00,0.00,150.00,0.9500,0.9500,0.7914,0.9107,0.9629,1.0000,1.0000,1.0000,98713.28,225679422.8,0.7376,
344,103.19,192.53,0.00,0.00,0.00,150.00,0.9500,0.9500,0.8079,0.9261,0.9666,1.0000,1.0000,1.0000,100768.50,225684934.9,0.7359,
27,93.35,62.79,0.00,0.00,0.00,150.00,0.9500,0.9500,0.8505,0.9674,0.9742,1.0000,1.0000,1.0000,106088.58,225720134.7,0.7357,
123,106.10,100.94,0.00,0.00,0.00,150.00,0.9500,0.9500,0.8364,0.9535,0.9720,1.0000,1.0000,1.0000,104331.63,225721141.9,0.7350,
514,-40.26,261.46,0.00,0.00,0.00,150.00,0.9500,0.9500,0.7886,0.9075,0.9629,1.0000,1.0000,1.0000,98363.15,225889039.9,0.7376,
455,25.66,251.07,0.00,0.00,0.00,150.00,0.9500,0.9500,0.7956,0.9146,0.9639,1.0000,1.0000,1.0000,99244.10,225919955.0,0.7387,
516,13.47,264.20,0.00,0.00,0.00,150.00,0.9500,0.9500,0.7909,0.9101,0.9629,1.0000,1.0000,1.0000,98649.87,226006425.8,0.7386,
453,-25.66,251.07,0.00,0.00,0.00,150.00,0.9500,0.9500,0.7904,0.9125,0.9639,0.9957,1.0000,1.0000,98591.37,226041814.0,0.7387,
515,-13.47,264.20,0.00,0.00,0.00,150.00,0.9500,0.9500,0.7899,0.9090,0.9629,1.0000,1.0000,1.0000,98532.82,226076786.4,0.7386,
293,-110.06,174.65,0.00,0.00,0.00,150.00,0.9500,0.9500,0.8031,0.9197,0.9676,1.0000,1.0000,1.0000,100175.56,226083914.9,0.7348,
454,0.00,252.38,0.00,0.00,0.00,150.00,0.9500,0.9500,0.7932,0.9138,0.9639,0.9978,1.0000,1.0000,98934.46,226244095.3,0.7395,
337,-103.19,192.53,0.00,0.00,0.00,150.00,0.9500,0.9500,0.7997,0.9167,0.9666,1.0000,1.0000,1.0000,99748.40,226257549.8,0.7359,
71,97.34,85.37,0.00,0.00,0.00,150.00,0.9500,0.9500,0.8443,0.9613,0.9731,1.0000,1.0000,1.0000,105309.01,226403780.3,0.7373,
14,-93.35,62.79,0.00,0.00,0.00,150.00,0.9500,0.9500,0.8404,0.9559,0.9742,1.0000,1.0000,1.0000,104829.54,226426034.2,0.7350,
212,74.68,166.46,0.00,0.00,0.00,150.00,0.9500,0.9500,0.8233,0.9421,0.9694,0.9989,1.0000,1.0000,102697.03,226428451.7,0.7395,
109,-106.10,100.94,0.00,0.00,0.00,150.00,0.9500,0.9500,0.8260,0.9416,0.9720,1.0000,1.0000,1.0000,103035.62,226471990.7,0.7350,
256,91.86,171.38,0.00,0.00,0.00,150.00,0.9500,0.9500,0.8182,0.9361,0.9685,1.0000,1.0000,1.0000,102060.55,226797685.9,0.7393,
206,-74.68,166.46,0.00,0.00,0.00,150.00,0.9500,0.9500,0.8064,0.9346,0.9694,0.9862,1.0000,1.0000,100585.66,226844284.8,0.7395,
169,100.77,137.46,0.00,0.00,0.00,150.00,0.9500,0.9500,0.8276,0.9451,0.9703,1.0000,1.0000,1.0000,103227.22,226865132.4,0.7388,
58,-97.34,85.37,0.00,0.00,0.00,150.00,0.9500,0.9500,0.8343,0.9499,0.9731,1.0000,1.0000,1.0000,104060.22,227095932.0,0.7366,
300,84.51,188.35,0.00,0.00,0.00,150.00,0.9500,0.9500,0.8136,0.9317,0.9676,1.0000,1.0000,1.0000,101482.15,227258938.2,0.7410,
249,-91.86,171.38,0.00,0.00,0.00,150.00,0.9500,0.9500,0.8104,0.9272,0.9685,1.0000,1.0000,1.0000,101089.72,227336336.8,0.7393,
343,75.20,205.09,0.00,0.00,0.00,150.00,0.9500,0.9500,0.8090,0.9273,0.9666,1.0000,1.0000,1.0000,100905.58,227485869.5,0.7418,
160,-100.77,137.46,0.00,0.00,0.00,150.00,0.9500,0.9500,0.8184,0.9346,0.9703,1.0000,1.0000,1.0000,102083.12,227518475.3,0.7388,
122,93.73,112.52,0.00,0.00,0.00,150.00,0.9500,0.9500,0.8383,0.9557,0.9720,1.0000,1.0000,1.0000,104569.08,227631025.6,0.7411,
294,-84.51,188.35,0.00,0.00,0.00,150.00,0.9500,0.9500,0.8067,0.9238,0.9676,1.0000,1.0000,1.0000,100619.83,227747692.5,0.7410,
211,50.62,175.28,0.00,0.00,0.00,150.00,0.9500,0.9500,0.8249,0.9429,0.9694,1.0000,1.0000,1.0000,102894.47,227752430.9,0.7439,
338,-75.20,205.09,0.00,0.00,0.00,150.00,0.9500,0.9500,0.8030,0.9205,0.9666,1.0000,1.0000,1.0000,100164.25,227899374.4,0.7419,
207,-50.62,175.28,0.00,0.00,0.00,150.00,0.9500,0.9500,0.8118,0.9378,0.9694,0.9894,1.0000,1.0000,101261.21,228037186.0,0.7439,
26,82.87,76.08,0.00,0.00,0.00,150.00,0.9500,0.9500,0.8531,0.9704,0.9742,1.0000,1.0000,1.0000,106414.72,228052532.4,0.7427,
395,35.83,232.67,0.00,0.00,0.00,150.00,0.9500,0.9500,0.8023,0.9210,0.9653,1.0000,1.0000,1.0000,100080.34,228065036.6,0.7441,
392,-35.83,232.67,0.00,0.00,0.00,150.00,0.9500,0.9500,0.7997,0.9179,0.9653,1.0000,1.0000,1.0000,99743.90,228251111.8,0.7441,
255,66.94,182.56,0.00,0.00,0.00,150.00,0.9500,0.9500,0.8193,0.9373,0.9685,1.0000,1.0000,1.0000,102190.82,228281903.4,0.7443,
110,-93.73,112.52,0.00,0.00,0.00,150.00,0.9500,0.9500,0.8292,0.9452,0.9720,1.0000,1.0000,1.0000,103427.46,228289355.0,0.7411,
70,85.36,97.35,0.00,0.00,0.00,150.00,0.9500,0.9500,0.8464,0.9637,0.9731,1.0000,1.0000,1.0000,105572.15,228455964.2,0.7437,
299,57.28,198.34,0.00,0.00,0.00,150.00,0.9500,0.9500,0.8143,0.9325,0.9676,1.0000,1.0000,1.0000,101569.47,228663851.3,0.7456,
15,-82.87,76.08,0.00,0.00,0.00,150.00,0.9500,0.9500,0.8442,0.9602,0.9742,1.0000,1.0000,1.0000,105301.18,228666569.7,0.7420,
250,-66.94,182.56,0.00,0.00,0.00,150.00,0.9500,0.9500,0.8136,0.9308,0.9685,1.0000,1.0000,1.0000,101485.18,228674841.8,0.7443,
342,45.72,213.60,0.00,0.00,0.00,150.00,0.9500,0.9500,0.8093,0.9277,0.9666,1.0000,1.0000,1.0000,100946.85,228714370.3,0.7458,
168,80.52,150.22,0.00,0.00,0.00,150.00,0.9500,0.9500,0.8292,0.9469,0.9703,1.0000,1.0000,1.0000,103433.27,228878838.9,0.7453,
210,25.56,180.64,0.00,0.00,0.00,150.00,0.9500,0.9500,0.8249,0.9428,0.9694,1.0000,1.0000,1.0000,102887.98,228911887.2,0.7475,
339,-45.72,213.60,0.00,0.00,0.00,150.00,0.9500,0.9500,0.8057,0.9236,0.9666,1.0000,1.0000,1.0000,100496.96,228964501.6,0.7458,
295,-57.28,198.34,0.00,0.00,0.00,150.00,0.9500,0.9500,0.8096,0.9272,0.9676,1.0000,1.0000,1.0000,100986.26,228996976.8,0.7456,
208,-25.56,180.64,0.00,0.00,0.00,150.00,0.9500,0.9500,0.8172,0.9403,0.9694,0.9934,1.0000,1.0000,101934.65,229061339.5,0.7475,
59,-85.36,97.35,0.00,0.00,0.00,150.00,0.9500,0.9500,0.8376,0.9537,0.9731,1.0000,1.0000,1.0000,104480.43,229089532.0,0.7437,
254,40.70,190.13,0.00,0.00,0.00,150.00,0.9500,0.9500,0.8196,0.9377,0.9685,1.0000,1.0000,1.0000,102230.23,229105690.0,0.7473,
121,80.10,122.59,0.00,0.00,0.00,150.00,0.9500,0.9500,0.8398,0.9574,0.9720,1.0000,1.0000,1.0000,104757.61,229307015.0,0.7464,
251,-40.70,190.13,0.00,0.00,0.00,150.00,0.9500,0.9500,0.8162,0.9337,0.9685,1.0000,1.0000,1.0000,101801.95,229345192.8,0.7473,
341,15.34,217.90,0.00,0.00,0.00,150.00,0.9500,0.9500,0.8089,0.9272,0.9666,1.0000,1.0000,1.0000,100891.61,229376337.4,0.7478,
161,-80.52,150.22,0.00,0.00,0.00,150.00,0.9500,0.9500,0.8219,0.9386,0.9703,1.0000,1.0000,1.0000,102521.98,229396405.9,0.7453,
209,0.00,182.44,0.00,0.00,0.00,150.00,0.9500,0.9500,0.8226,0.9419,0.9694,0.9981,1.0000,1.0000,102602.27,229431103.9,0.7488,
340,-15.34,217.90,0.00,0.00,0.00,150.00,0.9500,0.9500,0.8076,0.9258,0.9666,1.0000,1.0000,1.0000,100740.80,229460050.8,0.7478,
253,13.66,193.96,0.00,0.00,0.00,150.00,0.9500,0.9500,0.8192,0.9372,0.9685,1.0000,1.0000,1.0000,102177.49,229600028.9,0.7489,
298,28.93,204.40,0.00,0.00,0.00,150.00,0.9500,0.9500,0.8142,0.9324,0.9676,1.0000,1.0000,1.0000,101562.62,229638058.5,0.7486,
252,-13.66,193.96,0.00,0.00,0.00,150.00,0.9500,0.9500,0.8180,0.9359,0.9685,1.0000,1.0000,1.0000,102033.96,229681627.3,0.7490,
296,-28.93,204.40,0.00,0.00,0.00,150.00,0.9500,0.9500,0.8119,0.9297,0.9676,1.0000,1.0000,1.0000,101268.51,229807536.4,0.7486,
111,-80.10,122.59,0.00,0.00,0.00,150.00,0.9500,0.9500,0.8320,0.9485,0.9720,1.0000,1.0000,1.0000,103784.71,229865284.5,0.7464,
25,70.52,87.65,0.00,0.00,0.00,150.00,0.9500,0.9500,0.8552,0.9727,0.9742,1.0000,1.0000,1.0000,106676.03,230115462.7,0.7491,
297,0.00,206.44,0.00,0.00,0.00,150.00,0.9500,0.9500,0.8134,0.9315,0.9676,1.0000,1.0000,1.0000,101461.73,230161660.1,0.7500,
69,71.93,107.65,0.00,0.00,0.00,150.00,0.9500,0.9500,0.8480,0.9656,0.9731,1.0000,1.0000,1.0000,105778.23,230239421.5,0.7493,
167,58.68,160.02,0.00,0.00,0.00,150.00,0.9500,0.9500,0.8302,0.9481,0.9703,1.0000,1.0000,1.0000,103555.78,230446208.1,0.7504,
16,-70.52,87.65,0.00,0.00,0.00,150.00,0.9500,0.9500,0.8477,0.9641,0.9742,1.0000,1.0000,1.0000,105731.37,230665943.8,0.7491,
120,65.41,131.02,0.00,0.00,0.00,150.00,0.9500,0.9500,0.8410,0.9587,0.9720,1.0000,1.0000,1.0000,104895.70,230724598.0,0.7509,
60,-71.93,107.65,0.00,0.00,0.00,150.00,0.9500,0.9500,0.8407,0.9572,0.9731,1.0000,1.0000,1.0000,104860.91,230769234.9,0.7493,
162,-58.68,160.02,0.00,0.00,0.00,150.00,0.9500,0.9500,0.8249,0.9420,0.9703,1.0000,1.0000,1.0000,102893.29,230820907.3,0.7504,
112,-65.41,131.02,0.00,0.00,0.00,150.00,0.9500,0.9500,0.8346,0.9514,0.9720,1.0000,1.0000,1.0000,104103.05,231177641.9,0.7509,
166,35.67,166.67,0.00,0.00,0.00,150.00,0.9500,0.9500,0.8305,0.9484,0.9703,1.0000,1.0000,1.0000,103592.64,231534356.5,0.7538,
68,57.26,116.12,0.00,0.00,0.00,150.00,0.9500,0.9500,0.8492,0.9669,0.9731,1.0000,1.0000,1.0000,105924.42,231721500.2,0.7540,
163,-35.67,166.67,0.00,0.00,0.00,150.00,0.9500,0.9500,0.8273,0.9447,0.9703,1.0000,1.0000,1.0000,103190.49,231761163.7,0.7538,
24,56.58,97.24,0.00,0.00,0.00,150.00,0.9500,0.9500,0.8568,0.9745,0.9742,1.0000,1.0000,1.0000,106867.25,231845200.6,0.7544,
119,49.84,137.70,0.00,0.00,0.00,150.00,0.9500,0.9500,0.8416,0.9594,0.9720,1.0000,1.0000,1.0000,104980.85,231862207.6,0.7545,
165,11.97,170.02,0.00,0.00,0.00,150.00,0.9500,0.9500,0.8301,0.9480,0.9703,1.0000,1.0000,1.0000,103543.22,232122055.3,0.7556,
61,-57.26,116.12,0.00,0.00,0.00,150.00,0.9500,0.9500,0.8434,0.9603,0.9731,1.0000,1.0000,1.0000,105195.80,232140679.0,0.7540,
164,-11.97,170.02,0.00,0.00,0.00,150.00,0.9500,0.9500,0.8290,0.9467,0.9703,1.0000,1.0000,1.0000,103408.40,232197987.8,0.7556,
113,-49.84,137.70,0.00,0.00,0.00,150.00,0.9500,0.9500,0.8368,0.9539,0.9720,1.0000,1.0000,1.0000,104377.90,232206082.8,0.7546,
17,-56.58,97.24,0.00,0.00,0.00,150.00,0.9500,0.9500,0.8507,0.9676,0.9742,1.0000,1.0000,1.0000,106111.42,232283632.4,0.7544,
118,33.60,142.53,0.00,0.00,0.00,150.00,0.9500,0.9500,0.8419,0.9597,0.9720,1.0000,1.0000,1.0000,105012.78,232703282.9,0.7572,
67,41.61,122.60,0.00,0.00,0.00,150.00,0.9500,0.9500,0.8499,0.9677,0.9731,1.0000,1.0000,1.0000,106007.65,232873459.6,0.7576,
114,-33.60,142.53,0.00,0.00,0.00,150.00,0.9500,0.9500,0.8386,0.9560,0.9720,1.0000,1.0000,1.0000,104606.83,232934329.4,0.7572,
62,-41.61,122.60,0.00,0.00,0.00,150.00,0.9500,0.9500,0.8456,0.9629,0.9731,1.0000,1.0000,1.0000,105479.26,233176799.6,0.7576,
23,41.35,104.62,0.00,0.00,0.00,150.00,0.9500,0.9500,0.8577,0.9756,0.9742,1.0000,1.0000,1.0000,106984.27,233198787.9,0.7586,
117,16.91,145.46,0.00,0.00,0.00,150.00,0.9500,0.9500,0.8417,0.9595,0.9720,1.0000,1.0000,1.0000,104990.65,233236051.7,0.7588,
115,-16.91,145.46,0.00,0.00,0.00,150.00,0.9500,0.9500,0.8401,0.9577,0.9720,1.0000,1.0000,1.0000,104786.38,233352115.8,0.7588,
116,0.00,146.44,0.00,0.00,0.00,150.00,0.9500,0.9500,0.8411,0.9588,0.9720,1.0000,1.0000,1.0000,104914.92,233453257.7,0.7593,
18,-41.35,104.62,0.00,0.00,0.00,150.00,0.9500,0.9500,0.8533,0.9705,0.9742,1.0000,1.0000,1.0000,106433.20,233517592.0,0.7586,
66,25.26,126.98,0.00,0.00,0.00,150.00,0.9500,0.9500,0.8500,0.9679,0.9731,1.0000,1.0000,1.0000,106027.54,233674568.7,0.7600,
63,-25.26,126.98,0.00,0.00,0.00,150.00,0.9500,0.9500,0.8475,0.9650,0.9731,1.0000,1.0000,1.0000,105707.09,233857998.9,0.7600,
65,8.47,129.19,0.00,0.00,0.00,150.00,0.9500,0.9500,0.8497,0.9675,0.9731,1.0000,1.0000,1.0000,105983.53,234109680.6,0.7613,
22,25.19,109.64,0.00,0.00,0.00,150.00,0.9500,0.9500,0.8580,0.9759,0.9742,1.0000,1.0000,1.0000,107025.43,234142970.4,0.7615,
64,-8.47,129.19,0.00,0.00,0.00,150.00,0.9500,0.9500,0.8488,0.9665,0.9731,1.0000,1.0000,1.0000,105876.16,234171074.6,0.7613,
19,-25.19,109.64,0.00,0.00,0.00,150.00,0.9500,0.9500,0.8553,0.9729,0.9742,1.0000,1.0000,1.0000,106690.28,234336505.7,0.7615,
21,8.46,112.18,0.00,0.00,0.00,150.00,0.9500,0.9500,0.8577,0.9756,0.9742,1.0000,1.0000,1.0000,106989.23,234653648.8,0.7629,
20,-8.46,112.18,0.00,0.00,0.00,150.00,0.9500,0.9500,0.8568,0.9746,0.9742,1.0000,1.0000,1.0000,106876.67,234718477.9,0.7629,
